-- MySQL dump 10.13  Distrib 5.7.23, for Linux (x86_64)
--
-- Host: localhost    Database: mdid
-- ------------------------------------------------------
-- Server version	5.7.23-0ubuntu0.18.04.1

/*!40101 SET @OLD_CHARACTER_SET_CLIENT=@@CHARACTER_SET_CLIENT */;
/*!40101 SET @OLD_CHARACTER_SET_RESULTS=@@CHARACTER_SET_RESULTS */;
/*!40101 SET @OLD_COLLATION_CONNECTION=@@COLLATION_CONNECTION */;
/*!40101 SET NAMES utf8 */;
/*!40103 SET @OLD_TIME_ZONE=@@TIME_ZONE */;
/*!40103 SET TIME_ZONE='+00:00' */;
/*!40014 SET @OLD_UNIQUE_CHECKS=@@UNIQUE_CHECKS, UNIQUE_CHECKS=0 */;
/*!40014 SET @OLD_FOREIGN_KEY_CHECKS=@@FOREIGN_KEY_CHECKS, FOREIGN_KEY_CHECKS=0 */;
/*!40101 SET @OLD_SQL_MODE=@@SQL_MODE, SQL_MODE='NO_AUTO_VALUE_ON_ZERO' */;
/*!40111 SET @OLD_SQL_NOTES=@@SQL_NOTES, SQL_NOTES=0 */;

--
-- Table structure for table `access_accesscontrol`
--

DROP TABLE IF EXISTS `access_accesscontrol`;
/*!40101 SET @saved_cs_client     = @@character_set_client */;
/*!40101 SET character_set_client = utf8 */;
CREATE TABLE `access_accesscontrol` (
  `id` int(11) NOT NULL AUTO_INCREMENT,
  `content_type_id` int(11) NOT NULL,
  `object_id` int(10) unsigned NOT NULL,
  `user_id` int(11) DEFAULT NULL,
  `usergroup_id` int(11) DEFAULT NULL,
  `read` tinyint(1) DEFAULT NULL,
  `write` tinyint(1) DEFAULT NULL,
  `manage` tinyint(1) DEFAULT NULL,
  `restrictions_repr` longtext NOT NULL,
  PRIMARY KEY (`id`),
  UNIQUE KEY `content_type_id` (`content_type_id`,`object_id`,`user_id`,`usergroup_id`),
  KEY `access_accesscontrol_content_type_id` (`content_type_id`),
  KEY `access_accesscontrol_user_id` (`user_id`),
  KEY `access_accesscontrol_usergroup_id` (`usergroup_id`)
) ENGINE=InnoDB DEFAULT CHARSET=utf8;
/*!40101 SET character_set_client = @saved_cs_client */;

--
-- Dumping data for table `access_accesscontrol`
--

LOCK TABLES `access_accesscontrol` WRITE;
/*!40000 ALTER TABLE `access_accesscontrol` DISABLE KEYS */;
/*!40000 ALTER TABLE `access_accesscontrol` ENABLE KEYS */;
UNLOCK TABLES;

--
-- Table structure for table `access_attribute`
--

DROP TABLE IF EXISTS `access_attribute`;
/*!40101 SET @saved_cs_client     = @@character_set_client */;
/*!40101 SET character_set_client = utf8 */;
CREATE TABLE `access_attribute` (
  `id` int(11) NOT NULL AUTO_INCREMENT,
  `group_id` int(11) NOT NULL,
  `attribute` varchar(255) NOT NULL,
  PRIMARY KEY (`id`),
  KEY `access_attribute_group_id` (`group_id`)
) ENGINE=InnoDB DEFAULT CHARSET=utf8;
/*!40101 SET character_set_client = @saved_cs_client */;

--
-- Dumping data for table `access_attribute`
--

LOCK TABLES `access_attribute` WRITE;
/*!40000 ALTER TABLE `access_attribute` DISABLE KEYS */;
/*!40000 ALTER TABLE `access_attribute` ENABLE KEYS */;
UNLOCK TABLES;

--
-- Table structure for table `access_attributevalue`
--

DROP TABLE IF EXISTS `access_attributevalue`;
/*!40101 SET @saved_cs_client     = @@character_set_client */;
/*!40101 SET character_set_client = utf8 */;
CREATE TABLE `access_attributevalue` (
  `id` int(11) NOT NULL AUTO_INCREMENT,
  `attribute_id` int(11) NOT NULL,
  `value` varchar(255) NOT NULL,
  PRIMARY KEY (`id`),
  KEY `access_attributevalue_attribute_id` (`attribute_id`)
) ENGINE=InnoDB DEFAULT CHARSET=utf8;
/*!40101 SET character_set_client = @saved_cs_client */;

--
-- Dumping data for table `access_attributevalue`
--

LOCK TABLES `access_attributevalue` WRITE;
/*!40000 ALTER TABLE `access_attributevalue` DISABLE KEYS */;
/*!40000 ALTER TABLE `access_attributevalue` ENABLE KEYS */;
UNLOCK TABLES;

--
-- Table structure for table `access_extendedgroup`
--

DROP TABLE IF EXISTS `access_extendedgroup`;
/*!40101 SET @saved_cs_client     = @@character_set_client */;
/*!40101 SET character_set_client = utf8 */;
CREATE TABLE `access_extendedgroup` (
  `group_ptr_id` int(11) NOT NULL,
  `type` varchar(1) NOT NULL,
  PRIMARY KEY (`group_ptr_id`)
) ENGINE=InnoDB DEFAULT CHARSET=utf8;
/*!40101 SET character_set_client = @saved_cs_client */;

--
-- Dumping data for table `access_extendedgroup`
--

LOCK TABLES `access_extendedgroup` WRITE;
/*!40000 ALTER TABLE `access_extendedgroup` DISABLE KEYS */;
/*!40000 ALTER TABLE `access_extendedgroup` ENABLE KEYS */;
UNLOCK TABLES;

--
-- Table structure for table `access_subnet`
--

DROP TABLE IF EXISTS `access_subnet`;
/*!40101 SET @saved_cs_client     = @@character_set_client */;
/*!40101 SET character_set_client = utf8 */;
CREATE TABLE `access_subnet` (
  `id` int(11) NOT NULL AUTO_INCREMENT,
  `group_id` int(11) NOT NULL,
  `subnet` varchar(80) NOT NULL,
  PRIMARY KEY (`id`),
  KEY `access_subnet_group_id` (`group_id`)
) ENGINE=InnoDB DEFAULT CHARSET=utf8;
/*!40101 SET character_set_client = @saved_cs_client */;

--
-- Dumping data for table `access_subnet`
--

LOCK TABLES `access_subnet` WRITE;
/*!40000 ALTER TABLE `access_subnet` DISABLE KEYS */;
/*!40000 ALTER TABLE `access_subnet` ENABLE KEYS */;
UNLOCK TABLES;

--
-- Table structure for table `auth_group`
--

DROP TABLE IF EXISTS `auth_group`;
/*!40101 SET @saved_cs_client     = @@character_set_client */;
/*!40101 SET character_set_client = utf8 */;
CREATE TABLE `auth_group` (
  `id` int(11) NOT NULL AUTO_INCREMENT,
  `name` varchar(80) NOT NULL,
  PRIMARY KEY (`id`),
  UNIQUE KEY `name` (`name`)
) ENGINE=InnoDB DEFAULT CHARSET=utf8;
/*!40101 SET character_set_client = @saved_cs_client */;

--
-- Dumping data for table `auth_group`
--

LOCK TABLES `auth_group` WRITE;
/*!40000 ALTER TABLE `auth_group` DISABLE KEYS */;
/*!40000 ALTER TABLE `auth_group` ENABLE KEYS */;
UNLOCK TABLES;

--
-- Table structure for table `auth_group_permissions`
--

DROP TABLE IF EXISTS `auth_group_permissions`;
/*!40101 SET @saved_cs_client     = @@character_set_client */;
/*!40101 SET character_set_client = utf8 */;
CREATE TABLE `auth_group_permissions` (
  `id` int(11) NOT NULL AUTO_INCREMENT,
  `group_id` int(11) NOT NULL,
  `permission_id` int(11) NOT NULL,
  PRIMARY KEY (`id`),
  UNIQUE KEY `group_id` (`group_id`,`permission_id`),
  KEY `permission_id_refs_id_5886d21f` (`permission_id`)
) ENGINE=InnoDB DEFAULT CHARSET=utf8;
/*!40101 SET character_set_client = @saved_cs_client */;

--
-- Dumping data for table `auth_group_permissions`
--

LOCK TABLES `auth_group_permissions` WRITE;
/*!40000 ALTER TABLE `auth_group_permissions` DISABLE KEYS */;
/*!40000 ALTER TABLE `auth_group_permissions` ENABLE KEYS */;
UNLOCK TABLES;

--
-- Table structure for table `auth_message`
--

DROP TABLE IF EXISTS `auth_message`;
/*!40101 SET @saved_cs_client     = @@character_set_client */;
/*!40101 SET character_set_client = utf8 */;
CREATE TABLE `auth_message` (
  `id` int(11) NOT NULL AUTO_INCREMENT,
  `user_id` int(11) NOT NULL,
  `message` longtext NOT NULL,
  PRIMARY KEY (`id`),
  KEY `auth_message_user_id` (`user_id`)
) ENGINE=InnoDB AUTO_INCREMENT=5 DEFAULT CHARSET=utf8;
/*!40101 SET character_set_client = @saved_cs_client */;

--
-- Dumping data for table `auth_message`
--

LOCK TABLES `auth_message` WRITE;
/*!40000 ALTER TABLE `auth_message` DISABLE KEYS */;
/*!40000 ALTER TABLE `auth_message` ENABLE KEYS */;
UNLOCK TABLES;

--
-- Table structure for table `auth_permission`
--

DROP TABLE IF EXISTS `auth_permission`;
/*!40101 SET @saved_cs_client     = @@character_set_client */;
/*!40101 SET character_set_client = utf8 */;
CREATE TABLE `auth_permission` (
  `id` int(11) NOT NULL AUTO_INCREMENT,
  `name` varchar(50) NOT NULL,
  `content_type_id` int(11) NOT NULL,
  `codename` varchar(100) NOT NULL,
  PRIMARY KEY (`id`),
  UNIQUE KEY `content_type_id` (`content_type_id`,`codename`),
  KEY `auth_permission_content_type_id` (`content_type_id`)
) ENGINE=InnoDB AUTO_INCREMENT=178 DEFAULT CHARSET=utf8;
/*!40101 SET character_set_client = @saved_cs_client */;

--
-- Dumping data for table `auth_permission`
--

LOCK TABLES `auth_permission` WRITE;
/*!40000 ALTER TABLE `auth_permission` DISABLE KEYS */;
INSERT INTO `auth_permission` VALUES (1,'Can add permission',1,'add_permission'),(2,'Can change permission',1,'change_permission'),(3,'Can delete permission',1,'delete_permission'),(4,'Can add group',2,'add_group'),(5,'Can change group',2,'change_group'),(6,'Can delete group',2,'delete_group'),(7,'Can add user',3,'add_user'),(8,'Can change user',3,'change_user'),(9,'Can delete user',3,'delete_user'),(10,'Can add message',4,'add_message'),(11,'Can change message',4,'change_message'),(12,'Can delete message',4,'delete_message'),(13,'Can add content type',5,'add_contenttype'),(14,'Can change content type',5,'change_contenttype'),(15,'Can delete content type',5,'delete_contenttype'),(16,'Can add session',6,'add_session'),(17,'Can change session',6,'change_session'),(18,'Can delete session',6,'delete_session'),(19,'Can add site',7,'add_site'),(20,'Can change site',7,'change_site'),(21,'Can delete site',7,'delete_site'),(22,'Can add flat page',8,'add_flatpage'),(23,'Can change flat page',8,'change_flatpage'),(24,'Can delete flat page',8,'delete_flatpage'),(25,'Can add log entry',9,'add_logentry'),(26,'Can change log entry',9,'change_logentry'),(27,'Can delete log entry',9,'delete_logentry'),(28,'Can add comment',10,'add_comment'),(29,'Can change comment',10,'change_comment'),(30,'Can delete comment',10,'delete_comment'),(31,'Can moderate comments',10,'can_moderate'),(32,'Can add comment flag',11,'add_commentflag'),(33,'Can change comment flag',11,'change_commentflag'),(34,'Can delete comment flag',11,'delete_commentflag'),(35,'Can add redirect',12,'add_redirect'),(36,'Can change redirect',12,'change_redirect'),(37,'Can delete redirect',12,'delete_redirect'),(38,'Can add analytics',13,'add_analytics'),(39,'Can change analytics',13,'change_analytics'),(40,'Can delete analytics',13,'delete_analytics'),(41,'Can add collection',14,'add_collection'),(42,'Can change collection',14,'change_collection'),(43,'Can delete collection',14,'delete_collection'),(44,'Can add collection item',15,'add_collectionitem'),(45,'Can change collection item',15,'change_collectionitem'),(46,'Can delete collection item',15,'delete_collectionitem'),(47,'Can add record',16,'add_record'),(48,'Can change record',16,'change_record'),(49,'Can delete record',16,'delete_record'),(50,'Can add metadata standard',17,'add_metadatastandard'),(51,'Can change metadata standard',17,'change_metadatastandard'),(52,'Can delete metadata standard',17,'delete_metadatastandard'),(53,'Can add vocabulary',18,'add_vocabulary'),(54,'Can change vocabulary',18,'change_vocabulary'),(55,'Can delete vocabulary',18,'delete_vocabulary'),(56,'Can add vocabulary term',19,'add_vocabularyterm'),(57,'Can change vocabulary term',19,'change_vocabularyterm'),(58,'Can delete vocabulary term',19,'delete_vocabularyterm'),(59,'Can add field',20,'add_field'),(60,'Can change field',20,'change_field'),(61,'Can delete field',20,'delete_field'),(62,'Can add field set',21,'add_fieldset'),(63,'Can change field set',21,'change_fieldset'),(64,'Can delete field set',21,'delete_fieldset'),(65,'Can add field set field',22,'add_fieldsetfield'),(66,'Can change field set field',22,'change_fieldsetfield'),(67,'Can delete field set field',22,'delete_fieldsetfield'),(68,'Can add field value',23,'add_fieldvalue'),(69,'Can change field value',23,'change_fieldvalue'),(70,'Can delete field value',23,'delete_fieldvalue'),(71,'Can add display field value',24,'add_displayfieldvalue'),(72,'Can change display field value',24,'change_displayfieldvalue'),(73,'Can delete display field value',24,'delete_displayfieldvalue'),(74,'Can add object history',25,'add_objecthistory'),(75,'Can change object history',25,'change_objecthistory'),(76,'Can delete object history',25,'delete_objecthistory'),(77,'Can add owned wrapper',26,'add_ownedwrapper'),(78,'Can change owned wrapper',26,'change_ownedwrapper'),(79,'Can delete owned wrapper',26,'delete_ownedwrapper'),(80,'Can add access control',27,'add_accesscontrol'),(81,'Can change access control',27,'change_accesscontrol'),(82,'Can delete access control',27,'delete_accesscontrol'),(83,'Can add extended group',28,'add_extendedgroup'),(84,'Can change extended group',28,'change_extendedgroup'),(85,'Can delete extended group',28,'delete_extendedgroup'),(86,'Can add subnet',29,'add_subnet'),(87,'Can change subnet',29,'change_subnet'),(88,'Can delete subnet',29,'delete_subnet'),(89,'Can add attribute',30,'add_attribute'),(90,'Can change attribute',30,'change_attribute'),(91,'Can delete attribute',30,'delete_attribute'),(92,'Can add attribute value',31,'add_attributevalue'),(93,'Can change attribute value',31,'change_attributevalue'),(94,'Can delete attribute value',31,'delete_attributevalue'),(95,'Can add solr index updates',32,'add_solrindexupdates'),(96,'Can change solr index updates',32,'change_solrindexupdates'),(97,'Can delete solr index updates',32,'delete_solrindexupdates'),(98,'Can add storage',33,'add_storage'),(99,'Can change storage',33,'change_storage'),(100,'Can delete storage',33,'delete_storage'),(101,'Can add media',34,'add_media'),(102,'Can change media',34,'change_media'),(103,'Can delete media',34,'delete_media'),(104,'Can add trusted subnet',35,'add_trustedsubnet'),(105,'Can change trusted subnet',35,'change_trustedsubnet'),(106,'Can delete trusted subnet',35,'delete_trustedsubnet'),(107,'Can add proxy url',36,'add_proxyurl'),(108,'Can change proxy url',36,'change_proxyurl'),(109,'Can delete proxy url',36,'delete_proxyurl'),(110,'Can add presentation',37,'add_presentation'),(111,'Can change presentation',37,'change_presentation'),(112,'Can delete presentation',37,'delete_presentation'),(113,'Can publish presentations',37,'publish_presentations'),(114,'Can add presentation item',38,'add_presentationitem'),(115,'Can change presentation item',38,'change_presentationitem'),(116,'Can delete presentation item',38,'delete_presentationitem'),(117,'Can add presentation item info',39,'add_presentationiteminfo'),(118,'Can change presentation item info',39,'change_presentationiteminfo'),(119,'Can delete presentation item info',39,'delete_presentationiteminfo'),(120,'Can add activity',40,'add_activity'),(121,'Can change activity',40,'change_activity'),(122,'Can delete activity',40,'delete_activity'),(123,'Can add accumulated activity',41,'add_accumulatedactivity'),(124,'Can change accumulated activity',41,'change_accumulatedactivity'),(125,'Can delete accumulated activity',41,'delete_accumulatedactivity'),(126,'Can add hit count',42,'add_hitcount'),(127,'Can change hit count',42,'change_hitcount'),(128,'Can delete hit count',42,'delete_hitcount'),(129,'Can add tag',43,'add_tag'),(130,'Can change tag',43,'change_tag'),(131,'Can delete tag',43,'delete_tag'),(132,'Can add tagged item',44,'add_taggeditem'),(133,'Can change tagged item',44,'change_taggeditem'),(134,'Can delete tagged item',44,'delete_taggeditem'),(135,'Can add job info',45,'add_jobinfo'),(136,'Can change job info',45,'change_jobinfo'),(137,'Can delete job info',45,'delete_jobinfo'),(138,'Can add preference',46,'add_preference'),(139,'Can change preference',46,'change_preference'),(140,'Can delete preference',46,'delete_preference'),(141,'Can add user profile',47,'add_userprofile'),(142,'Can change user profile',47,'change_userprofile'),(143,'Can delete user profile',47,'delete_userprofile'),(144,'Can add impersonation',48,'add_impersonation'),(145,'Can change impersonation',48,'change_impersonation'),(146,'Can delete impersonation',48,'delete_impersonation'),(147,'Can add migration history',49,'add_migrationhistory'),(148,'Can change migration history',49,'change_migrationhistory'),(149,'Can delete migration history',49,'delete_migrationhistory'),(150,'Can add computer',50,'add_computer'),(151,'Can change computer',50,'change_computer'),(152,'Can delete computer',50,'delete_computer'),(153,'Can add schedule',51,'add_schedule'),(154,'Can change schedule',51,'change_schedule'),(155,'Can delete schedule',51,'delete_schedule'),(156,'Can add mapping',52,'add_mapping'),(157,'Can change mapping',52,'change_mapping'),(158,'Can delete mapping',52,'delete_mapping'),(159,'Can add comment',53,'add_comment'),(160,'Can change comment',53,'change_comment'),(161,'Can delete comment',53,'delete_comment'),(162,'Can moderate comments',53,'can_moderate'),(163,'Can add comment flag',54,'add_commentflag'),(164,'Can change comment flag',54,'change_commentflag'),(165,'Can delete comment flag',54,'delete_commentflag'),(166,'Can add task result',55,'add_taskresult'),(167,'Can change task result',55,'change_taskresult'),(168,'Can delete task result',55,'delete_taskresult'),(169,'Can add remote metadata',56,'add_remotemetadata'),(170,'Can change remote metadata',56,'change_remotemetadata'),(171,'Can delete remote metadata',56,'delete_remotemetadata'),(172,'Can add shared collection',57,'add_sharedcollection'),(173,'Can change shared collection',57,'change_sharedcollection'),(174,'Can delete shared collection',57,'delete_sharedcollection'),(175,'Can add owned task result',58,'add_ownedtaskresult'),(176,'Can change owned task result',58,'change_ownedtaskresult'),(177,'Can delete owned task result',58,'delete_ownedtaskresult');
/*!40000 ALTER TABLE `auth_permission` ENABLE KEYS */;
UNLOCK TABLES;

--
-- Table structure for table `auth_user`
--

DROP TABLE IF EXISTS `auth_user`;
/*!40101 SET @saved_cs_client     = @@character_set_client */;
/*!40101 SET character_set_client = utf8 */;
CREATE TABLE `auth_user` (
  `id` int(11) NOT NULL AUTO_INCREMENT,
  `username` varchar(30) NOT NULL,
  `first_name` varchar(30) NOT NULL,
  `last_name` varchar(30) NOT NULL,
  `email` varchar(75) NOT NULL,
  `password` varchar(128) NOT NULL,
  `is_staff` tinyint(1) NOT NULL,
  `is_active` tinyint(1) NOT NULL,
  `is_superuser` tinyint(1) NOT NULL,
  `last_login` datetime NOT NULL,
  `date_joined` datetime NOT NULL,
  PRIMARY KEY (`id`),
  UNIQUE KEY `username` (`username`)
) ENGINE=InnoDB AUTO_INCREMENT=3 DEFAULT CHARSET=utf8;
/*!40101 SET character_set_client = @saved_cs_client */;

--
-- Dumping data for table `auth_user`
--

LOCK TABLES `auth_user` WRITE;
/*!40000 ALTER TABLE `auth_user` DISABLE KEYS */;
INSERT INTO `auth_user` VALUES (2,'admin','Admin','Admin','admin@example.com','pbkdf2_sha256$20000$WGLMtjmXlpnd$EH67YQ7xyGnoCNyuL86eOI4mUaAmiNO9UaNW0PEFJRg=',1,1,1,'2018-09-13 14:20:54','2008-12-10 18:43:26');
/*!40000 ALTER TABLE `auth_user` ENABLE KEYS */;
UNLOCK TABLES;

--
-- Table structure for table `auth_user_groups`
--

DROP TABLE IF EXISTS `auth_user_groups`;
/*!40101 SET @saved_cs_client     = @@character_set_client */;
/*!40101 SET character_set_client = utf8 */;
CREATE TABLE `auth_user_groups` (
  `id` int(11) NOT NULL AUTO_INCREMENT,
  `user_id` int(11) NOT NULL,
  `group_id` int(11) NOT NULL,
  PRIMARY KEY (`id`),
  UNIQUE KEY `user_id` (`user_id`,`group_id`),
  KEY `group_id_refs_id_f116770` (`group_id`)
) ENGINE=InnoDB DEFAULT CHARSET=utf8;
/*!40101 SET character_set_client = @saved_cs_client */;

--
-- Dumping data for table `auth_user_groups`
--

LOCK TABLES `auth_user_groups` WRITE;
/*!40000 ALTER TABLE `auth_user_groups` DISABLE KEYS */;
/*!40000 ALTER TABLE `auth_user_groups` ENABLE KEYS */;
UNLOCK TABLES;

--
-- Table structure for table `auth_user_user_permissions`
--

DROP TABLE IF EXISTS `auth_user_user_permissions`;
/*!40101 SET @saved_cs_client     = @@character_set_client */;
/*!40101 SET character_set_client = utf8 */;
CREATE TABLE `auth_user_user_permissions` (
  `id` int(11) NOT NULL AUTO_INCREMENT,
  `user_id` int(11) NOT NULL,
  `permission_id` int(11) NOT NULL,
  PRIMARY KEY (`id`),
  UNIQUE KEY `user_id` (`user_id`,`permission_id`),
  KEY `permission_id_refs_id_67e79cb` (`permission_id`)
) ENGINE=InnoDB DEFAULT CHARSET=utf8;
/*!40101 SET character_set_client = @saved_cs_client */;

--
-- Dumping data for table `auth_user_user_permissions`
--

LOCK TABLES `auth_user_user_permissions` WRITE;
/*!40000 ALTER TABLE `auth_user_user_permissions` DISABLE KEYS */;
/*!40000 ALTER TABLE `auth_user_user_permissions` ENABLE KEYS */;
UNLOCK TABLES;

--
-- Table structure for table `cache`
--

DROP TABLE IF EXISTS `cache`;
/*!40101 SET @saved_cs_client     = @@character_set_client */;
/*!40101 SET character_set_client = utf8 */;
CREATE TABLE `cache` (
  `cache_key` varchar(255) NOT NULL,
  `value` longtext NOT NULL,
  `expires` datetime NOT NULL,
  PRIMARY KEY (`cache_key`),
  KEY `cache_expires` (`expires`)
) ENGINE=InnoDB DEFAULT CHARSET=utf8;
/*!40101 SET character_set_client = @saved_cs_client */;

--
-- Dumping data for table `cache`
--

LOCK TABLES `cache` WRITE;
/*!40000 ALTER TABLE `cache` DISABLE KEYS */;
/*!40000 ALTER TABLE `cache` ENABLE KEYS */;
UNLOCK TABLES;

--
-- Table structure for table `data_collection`
--

DROP TABLE IF EXISTS `data_collection`;
/*!40101 SET @saved_cs_client     = @@character_set_client */;
/*!40101 SET character_set_client = utf8 */;
CREATE TABLE `data_collection` (
  `id` int(11) NOT NULL AUTO_INCREMENT,
  `title` varchar(100) NOT NULL,
  `name` varchar(50) NOT NULL,
  `owner_id` int(11) DEFAULT NULL,
  `hidden` tinyint(1) NOT NULL,
  `description` longtext NOT NULL,
  `agreement` longtext,
  `password` varchar(32) NOT NULL,
  `order` int(11) NOT NULL DEFAULT '0',
  PRIMARY KEY (`id`),
  UNIQUE KEY `name` (`name`),
  KEY `data_collection_owner_id` (`owner_id`)
) ENGINE=InnoDB AUTO_INCREMENT=2 DEFAULT CHARSET=utf8;
/*!40101 SET character_set_client = @saved_cs_client */;

--
-- Dumping data for table `data_collection`
--

LOCK TABLES `data_collection` WRITE;
/*!40000 ALTER TABLE `data_collection` DISABLE KEYS */;
INSERT INTO `data_collection` VALUES (1,'Sample Collection','sample-collection',NULL,0,'','','',0);
/*!40000 ALTER TABLE `data_collection` ENABLE KEYS */;
UNLOCK TABLES;

--
-- Table structure for table `data_collection_children`
--

DROP TABLE IF EXISTS `data_collection_children`;
/*!40101 SET @saved_cs_client     = @@character_set_client */;
/*!40101 SET character_set_client = utf8 */;
CREATE TABLE `data_collection_children` (
  `id` int(11) NOT NULL AUTO_INCREMENT,
  `from_collection_id` int(11) NOT NULL,
  `to_collection_id` int(11) NOT NULL,
  PRIMARY KEY (`id`),
  UNIQUE KEY `from_collection_id` (`from_collection_id`,`to_collection_id`),
  KEY `to_collection_id_refs_id_4c1d14c8` (`to_collection_id`)
) ENGINE=InnoDB DEFAULT CHARSET=utf8;
/*!40101 SET character_set_client = @saved_cs_client */;

--
-- Dumping data for table `data_collection_children`
--

LOCK TABLES `data_collection_children` WRITE;
/*!40000 ALTER TABLE `data_collection_children` DISABLE KEYS */;
/*!40000 ALTER TABLE `data_collection_children` ENABLE KEYS */;
UNLOCK TABLES;

--
-- Table structure for table `data_collectionitem`
--

DROP TABLE IF EXISTS `data_collectionitem`;
/*!40101 SET @saved_cs_client     = @@character_set_client */;
/*!40101 SET character_set_client = utf8 */;
CREATE TABLE `data_collectionitem` (
  `id` int(11) NOT NULL AUTO_INCREMENT,
  `collection_id` int(11) NOT NULL,
  `record_id` int(11) NOT NULL,
  `hidden` tinyint(1) NOT NULL,
  PRIMARY KEY (`id`),
  KEY `data_collectionitem_collection_id` (`collection_id`),
  KEY `data_collectionitem_record_id` (`record_id`)
) ENGINE=InnoDB AUTO_INCREMENT=51 DEFAULT CHARSET=utf8;
/*!40101 SET character_set_client = @saved_cs_client */;

--
-- Dumping data for table `data_collectionitem`
--

LOCK TABLES `data_collectionitem` WRITE;
/*!40000 ALTER TABLE `data_collectionitem` DISABLE KEYS */;
INSERT INTO `data_collectionitem` VALUES (1,1,1,0),(2,1,2,0),(3,1,3,0),(4,1,4,0),(5,1,5,0),(6,1,6,0),(7,1,7,0),(8,1,8,0),(9,1,9,0),(10,1,10,0),(11,1,11,0),(12,1,12,0),(13,1,13,0),(14,1,14,0),(15,1,15,0),(16,1,16,0),(17,1,17,0),(18,1,18,0),(19,1,19,0),(20,1,20,0),(21,1,21,0),(22,1,22,0),(23,1,23,0),(24,1,24,0),(25,1,25,0),(26,1,26,0),(27,1,27,0),(28,1,28,0),(29,1,29,0),(30,1,30,0),(31,1,31,0),(32,1,32,0),(33,1,33,0),(34,1,34,0),(35,1,35,0),(36,1,36,0),(37,1,37,0),(38,1,38,0),(39,1,39,0),(40,1,40,0),(41,1,41,0),(42,1,42,0),(43,1,43,0),(44,1,44,0),(45,1,45,0),(46,1,46,0),(47,1,47,0),(48,1,48,0),(49,1,49,0),(50,1,50,0);
/*!40000 ALTER TABLE `data_collectionitem` ENABLE KEYS */;
UNLOCK TABLES;

--
-- Table structure for table `data_displayfieldvalue`
--

DROP TABLE IF EXISTS `data_displayfieldvalue`;
/*!40101 SET @saved_cs_client     = @@character_set_client */;
/*!40101 SET character_set_client = utf8 */;
CREATE TABLE `data_displayfieldvalue` (
  `fieldvalue_ptr_id` int(11) NOT NULL,
  PRIMARY KEY (`fieldvalue_ptr_id`)
) ENGINE=InnoDB DEFAULT CHARSET=utf8;
/*!40101 SET character_set_client = @saved_cs_client */;

--
-- Dumping data for table `data_displayfieldvalue`
--

LOCK TABLES `data_displayfieldvalue` WRITE;
/*!40000 ALTER TABLE `data_displayfieldvalue` DISABLE KEYS */;
/*!40000 ALTER TABLE `data_displayfieldvalue` ENABLE KEYS */;
UNLOCK TABLES;

--
-- Table structure for table `data_field`
--

DROP TABLE IF EXISTS `data_field`;
/*!40101 SET @saved_cs_client     = @@character_set_client */;
/*!40101 SET character_set_client = utf8 */;
CREATE TABLE `data_field` (
  `id` int(11) NOT NULL AUTO_INCREMENT,
  `label` varchar(100) NOT NULL,
  `name` varchar(50) NOT NULL,
  `old_name` varchar(100) DEFAULT NULL,
  `standard_id` int(11) DEFAULT NULL,
  `vocabulary_id` int(11) DEFAULT NULL,
  `_order` int(11) DEFAULT NULL,
  PRIMARY KEY (`id`),
  UNIQUE KEY `name` (`name`,`standard_id`),
  KEY `data_field_name` (`name`),
  KEY `data_field_standard_id` (`standard_id`),
  KEY `data_field_vocabulary_id` (`vocabulary_id`)
) ENGINE=InnoDB AUTO_INCREMENT=36 DEFAULT CHARSET=utf8;
/*!40101 SET character_set_client = @saved_cs_client */;

--
-- Dumping data for table `data_field`
--

LOCK TABLES `data_field` WRITE;
/*!40000 ALTER TABLE `data_field` DISABLE KEYS */;
INSERT INTO `data_field` VALUES (1,'Contributor','contributor',NULL,1,NULL,0),(2,'Coverage','coverage',NULL,1,NULL,1),(3,'Creator','creator',NULL,1,NULL,2),(4,'Date','date',NULL,1,NULL,3),(5,'Description','description',NULL,1,NULL,4),(6,'Format','format',NULL,1,NULL,5),(7,'Identifier','identifier',NULL,1,NULL,6),(8,'Language','language',NULL,1,NULL,7),(9,'Publisher','publisher',NULL,1,NULL,8),(10,'Relation','relation',NULL,1,NULL,9),(11,'Rights','rights',NULL,1,NULL,10),(12,'Source','source',NULL,1,NULL,11),(13,'Subject','subject',NULL,1,NULL,12),(14,'Title','title',NULL,1,NULL,13),(15,'Type','type',NULL,1,NULL,14),(16,'Tags','tags',NULL,2,NULL,0),(17,'Agent','agent',NULL,3,NULL,0),(18,'Cultural Context','culturalcontext',NULL,3,NULL,1),(19,'Date','date',NULL,3,NULL,2),(20,'Description','description',NULL,3,NULL,3),(21,'Inscription','inscription',NULL,3,NULL,4),(22,'Location','location',NULL,3,NULL,5),(23,'Material','material',NULL,3,NULL,6),(24,'Measurements','measurements',NULL,3,NULL,7),(25,'Relation','relation',NULL,3,NULL,8),(26,'Rights','rights',NULL,3,NULL,9),(27,'Source','source',NULL,3,NULL,10),(28,'State/Edition','stateedition',NULL,3,NULL,11),(29,'Style/Period','styleperiod',NULL,3,NULL,12),(30,'Subject','subject',NULL,3,NULL,13),(31,'Technique','technique',NULL,3,NULL,14),(32,'Textual Reference','textref',NULL,3,NULL,15),(33,'Title','title',NULL,3,NULL,16),(34,'Work Type','worktype',NULL,3,NULL,17),(35,'System Value','system-value',NULL,NULL,NULL,0);
/*!40000 ALTER TABLE `data_field` ENABLE KEYS */;
UNLOCK TABLES;

--
-- Table structure for table `data_field_equivalent`
--

DROP TABLE IF EXISTS `data_field_equivalent`;
/*!40101 SET @saved_cs_client     = @@character_set_client */;
/*!40101 SET character_set_client = utf8 */;
CREATE TABLE `data_field_equivalent` (
  `id` int(11) NOT NULL AUTO_INCREMENT,
  `from_field_id` int(11) NOT NULL,
  `to_field_id` int(11) NOT NULL,
  PRIMARY KEY (`id`),
  UNIQUE KEY `from_field_id` (`from_field_id`,`to_field_id`),
  KEY `to_field_id_refs_id_4640bb5d` (`to_field_id`)
) ENGINE=InnoDB AUTO_INCREMENT=85 DEFAULT CHARSET=utf8;
/*!40101 SET character_set_client = @saved_cs_client */;

--
-- Dumping data for table `data_field_equivalent`
--

LOCK TABLES `data_field_equivalent` WRITE;
/*!40000 ALTER TABLE `data_field_equivalent` DISABLE KEYS */;
INSERT INTO `data_field_equivalent` VALUES (9,1,17),(35,1,22),(13,2,18),(23,2,19),(36,2,22),(69,2,29),(25,3,17),(27,4,19),(31,5,20),(44,6,23),(48,6,24),(76,6,31),(80,7,32),(51,10,25),(57,11,26),(59,12,27),(61,13,16),(70,13,29),(74,13,30),(82,14,33),(84,15,34),(64,16,13),(7,17,1),(26,17,3),(17,18,2),(21,19,2),(28,19,4),(32,20,5),(33,22,1),(34,22,2),(43,23,6),(47,24,6),(52,25,10),(58,26,11),(60,27,12),(67,29,2),(68,29,13),(73,30,13),(75,31,6),(79,32,7),(81,33,14),(83,34,15);
/*!40000 ALTER TABLE `data_field_equivalent` ENABLE KEYS */;
UNLOCK TABLES;

--
-- Table structure for table `data_fieldset`
--

DROP TABLE IF EXISTS `data_fieldset`;
/*!40101 SET @saved_cs_client     = @@character_set_client */;
/*!40101 SET character_set_client = utf8 */;
CREATE TABLE `data_fieldset` (
  `id` int(11) NOT NULL AUTO_INCREMENT,
  `title` varchar(100) NOT NULL,
  `name` varchar(50) NOT NULL,
  `owner_id` int(11) DEFAULT NULL,
  `standard` tinyint(1) NOT NULL,
  PRIMARY KEY (`id`),
  KEY `data_fieldset_name` (`name`),
  KEY `data_fieldset_owner_id` (`owner_id`)
) ENGINE=InnoDB AUTO_INCREMENT=4 DEFAULT CHARSET=utf8;
/*!40101 SET character_set_client = @saved_cs_client */;

--
-- Dumping data for table `data_fieldset`
--

LOCK TABLES `data_fieldset` WRITE;
/*!40000 ALTER TABLE `data_fieldset` DISABLE KEYS */;
INSERT INTO `data_fieldset` VALUES (2,'Dublin Core','dc',NULL,1),(3,'VRA Core 4','vra-core-4',NULL,1);
/*!40000 ALTER TABLE `data_fieldset` ENABLE KEYS */;
UNLOCK TABLES;

--
-- Table structure for table `data_fieldsetfield`
--

DROP TABLE IF EXISTS `data_fieldsetfield`;
/*!40101 SET @saved_cs_client     = @@character_set_client */;
/*!40101 SET character_set_client = utf8 */;
CREATE TABLE `data_fieldsetfield` (
  `id` int(11) NOT NULL AUTO_INCREMENT,
  `fieldset_id` int(11) NOT NULL,
  `field_id` int(11) NOT NULL,
  `label` varchar(100) NOT NULL,
  `order` int(11) NOT NULL,
  `importance` smallint(6) NOT NULL,
  PRIMARY KEY (`id`),
  KEY `data_fieldsetfield_fieldset_id` (`fieldset_id`),
  KEY `data_fieldsetfield_field_id` (`field_id`)
) ENGINE=InnoDB AUTO_INCREMENT=34 DEFAULT CHARSET=utf8;
/*!40101 SET character_set_client = @saved_cs_client */;

--
-- Dumping data for table `data_fieldsetfield`
--

LOCK TABLES `data_fieldsetfield` WRITE;
/*!40000 ALTER TABLE `data_fieldsetfield` DISABLE KEYS */;
INSERT INTO `data_fieldsetfield` VALUES (1,2,7,'',1,1),(2,2,14,'',2,10),(3,2,5,'',3,10),(4,2,3,'',4,10),(5,2,2,'',5,8),(6,2,4,'',6,8),(7,2,15,'',7,6),(8,2,13,'',8,8),(9,2,1,'',9,1),(10,2,6,'',10,6),(11,2,8,'',11,1),(12,2,9,'',12,1),(13,2,11,'',13,1),(14,2,10,'',14,1),(15,2,12,'',15,1),(16,3,17,'',0,1),(17,3,18,'',0,1),(18,3,19,'',0,1),(19,3,20,'',0,1),(20,3,21,'',0,1),(21,3,22,'',0,1),(22,3,23,'',0,1),(23,3,24,'',0,1),(24,3,25,'',0,1),(25,3,26,'',0,1),(26,3,27,'',0,1),(27,3,28,'',0,1),(28,3,29,'',0,1),(29,3,30,'',0,1),(30,3,31,'',0,1),(31,3,32,'',0,1),(32,3,33,'',0,1),(33,3,34,'',0,1);
/*!40000 ALTER TABLE `data_fieldsetfield` ENABLE KEYS */;
UNLOCK TABLES;

--
-- Table structure for table `data_fieldvalue`
--

DROP TABLE IF EXISTS `data_fieldvalue`;
/*!40101 SET @saved_cs_client     = @@character_set_client */;
/*!40101 SET character_set_client = utf8 */;
CREATE TABLE `data_fieldvalue` (
  `id` int(11) NOT NULL AUTO_INCREMENT,
  `record_id` int(11) NOT NULL,
  `field_id` int(11) NOT NULL,
  `refinement` varchar(100) DEFAULT NULL,
  `owner_id` int(11) DEFAULT NULL,
  `label` varchar(100) DEFAULT NULL,
  `hidden` tinyint(1) NOT NULL,
  `order` int(11) NOT NULL,
  `group` int(11) DEFAULT NULL,
  `value` longtext NOT NULL,
  `index_value` varchar(32) NOT NULL,
  `date_start` decimal(12,0) DEFAULT NULL,
  `date_end` decimal(12,0) DEFAULT NULL,
  `numeric_value` decimal(18,4) DEFAULT NULL,
  `language` varchar(5) DEFAULT NULL,
  `context_type_id` int(11) DEFAULT NULL,
  `context_id` int(10) unsigned DEFAULT NULL,
  `browse_value` varchar(32) NOT NULL,
  PRIMARY KEY (`id`),
  KEY `data_fieldvalue_record_id` (`record_id`),
  KEY `data_fieldvalue_field_id` (`field_id`),
  KEY `data_fieldvalue_owner_id` (`owner_id`),
  KEY `data_fieldvalue_index_value` (`index_value`),
  KEY `data_fieldvalue_context_type_id` (`context_type_id`),
  KEY `data_fieldvalue_field_id_5f695ee709047374_idx` (`field_id`,`record_id`,`browse_value`),
  KEY `data_fieldvalue_7cba9355` (`browse_value`)
) ENGINE=InnoDB AUTO_INCREMENT=232 DEFAULT CHARSET=utf8;
/*!40101 SET character_set_client = @saved_cs_client */;

--
-- Dumping data for table `data_fieldvalue`
--

LOCK TABLES `data_fieldvalue` WRITE;
/*!40000 ALTER TABLE `data_fieldvalue` DISABLE KEYS */;
INSERT INTO `data_fieldvalue` VALUES (1,1,14,NULL,NULL,'',0,1,NULL,'Eiffel Tower','Eiffel Tower',NULL,NULL,NULL,NULL,NULL,NULL,'Eiffel Tower'),(2,1,7,NULL,NULL,'',0,99,NULL,'afr1236.jpg','afr1236.jpg',NULL,NULL,NULL,NULL,NULL,NULL,'afr1236.jpg'),(3,1,3,NULL,NULL,'Artist',0,3,NULL,'Gustave','Gustave',NULL,NULL,NULL,NULL,NULL,NULL,'Gustave'),(4,1,2,NULL,NULL,'Country',0,36,NULL,'France','France',NULL,NULL,NULL,NULL,NULL,NULL,'France'),(5,1,2,NULL,NULL,'City or Site',0,34,NULL,'Paris','Paris',NULL,NULL,NULL,NULL,NULL,NULL,'Paris'),(6,2,14,NULL,NULL,'',0,1,NULL,'Eiffel Tower','Eiffel Tower',NULL,NULL,NULL,NULL,NULL,NULL,'Eiffel Tower'),(7,2,7,NULL,NULL,'',0,99,NULL,'afr3131a.jpg','afr3131a.jpg',NULL,NULL,NULL,NULL,NULL,NULL,'afr3131a.jpg'),(8,2,3,NULL,NULL,'Artist',0,3,NULL,'Gustave','Gustave',NULL,NULL,NULL,NULL,NULL,NULL,'Gustave'),(9,2,2,NULL,NULL,'Country',0,36,NULL,'France','France',NULL,NULL,NULL,NULL,NULL,NULL,'France'),(10,2,2,NULL,NULL,'City or Site',0,34,NULL,'Paris','Paris',NULL,NULL,NULL,NULL,NULL,NULL,'Paris'),(11,3,14,NULL,NULL,'',0,1,NULL,'Cathedral','Cathedral',NULL,NULL,NULL,NULL,NULL,NULL,'Cathedral'),(12,3,7,NULL,NULL,'',0,99,NULL,'age0124.jpg','age0124.jpg',NULL,NULL,NULL,NULL,NULL,NULL,'age0124.jpg'),(13,3,2,NULL,NULL,'Country',0,36,NULL,'Germany','Germany',NULL,NULL,NULL,NULL,NULL,NULL,'Germany'),(14,3,2,NULL,NULL,'City or Site',0,34,NULL,'Speyer','Speyer',NULL,NULL,NULL,NULL,NULL,NULL,'Speyer'),(15,4,14,NULL,NULL,'',0,1,NULL,'Forum Boarium - Temple of Fortuna Virilis (Portunus)','Forum Boarium - Temple of Fortun',NULL,NULL,NULL,NULL,NULL,NULL,'Forum Boarium - Temple of Fortun'),(16,4,7,NULL,NULL,'',0,99,NULL,'ait0717.jpg','ait0717.jpg',NULL,NULL,NULL,NULL,NULL,NULL,'ait0717.jpg'),(17,4,2,NULL,NULL,'Country',0,36,NULL,'Italy','Italy',NULL,NULL,NULL,NULL,NULL,NULL,'Italy'),(18,4,2,NULL,NULL,'City or Site',0,34,NULL,'Rome','Rome',NULL,NULL,NULL,NULL,NULL,NULL,'Rome'),(19,5,14,NULL,NULL,'',0,1,NULL,'River City','River City',NULL,NULL,NULL,NULL,NULL,NULL,'River City'),(20,5,7,NULL,NULL,'',0,99,NULL,'arc1638.jpg','arc1638.jpg',NULL,NULL,NULL,NULL,NULL,NULL,'arc1638.jpg'),(21,5,23,NULL,NULL,'',0,43,NULL,'concrete, steel','concrete, steel',NULL,NULL,NULL,NULL,NULL,NULL,'concrete, steel'),(22,5,3,NULL,NULL,'Artist',0,3,NULL,'Bertrand','Bertrand',NULL,NULL,NULL,NULL,NULL,NULL,'Bertrand'),(23,5,2,NULL,NULL,'Country',0,36,NULL,'United States','United States',NULL,NULL,NULL,NULL,NULL,NULL,'United States'),(24,5,2,NULL,NULL,'City or Site',0,34,NULL,'Chicago','Chicago',NULL,NULL,NULL,NULL,NULL,NULL,'Chicago'),(25,6,14,NULL,NULL,'',0,1,NULL,'National Gallery of Canada','National Gallery of Canada',NULL,NULL,NULL,NULL,NULL,NULL,'National Gallery of Canada'),(26,6,7,NULL,NULL,'',0,99,NULL,'arc5258.jpg','arc5258.jpg',NULL,NULL,NULL,NULL,NULL,NULL,'arc5258.jpg'),(27,6,23,NULL,NULL,'',0,43,NULL,'concrete, granite, glass','concrete, granite, glass',NULL,NULL,NULL,NULL,NULL,NULL,'concrete, granite, glass'),(28,6,3,NULL,NULL,'Artist',0,3,NULL,'Moshe','Moshe',NULL,NULL,NULL,NULL,NULL,NULL,'Moshe'),(29,6,2,NULL,NULL,'Country',0,36,NULL,'Canada','Canada',NULL,NULL,NULL,NULL,NULL,NULL,'Canada'),(30,6,2,NULL,NULL,'City or Site',0,34,NULL,'Ottawa','Ottawa',NULL,NULL,NULL,NULL,NULL,NULL,'Ottawa'),(31,7,14,NULL,NULL,'',0,1,NULL,'National Gallery of Canada','National Gallery of Canada',NULL,NULL,NULL,NULL,NULL,NULL,'National Gallery of Canada'),(32,7,7,NULL,NULL,'',0,99,NULL,'arc5262.jpg','arc5262.jpg',NULL,NULL,NULL,NULL,NULL,NULL,'arc5262.jpg'),(33,7,23,NULL,NULL,'',0,43,NULL,'concrete, granite, glass','concrete, granite, glass',NULL,NULL,NULL,NULL,NULL,NULL,'concrete, granite, glass'),(34,7,3,NULL,NULL,'Artist',0,3,NULL,'Moshe','Moshe',NULL,NULL,NULL,NULL,NULL,NULL,'Moshe'),(35,7,2,NULL,NULL,'Country',0,36,NULL,'Canada','Canada',NULL,NULL,NULL,NULL,NULL,NULL,'Canada'),(36,7,2,NULL,NULL,'City or Site',0,34,NULL,'Ottawa','Ottawa',NULL,NULL,NULL,NULL,NULL,NULL,'Ottawa'),(37,8,14,NULL,NULL,'',0,1,NULL,'Bibliotheca Alexandrina','Bibliotheca Alexandrina',NULL,NULL,NULL,NULL,NULL,NULL,'Bibliotheca Alexandrina'),(38,8,7,NULL,NULL,'',0,99,NULL,'arc5364.jpg','arc5364.jpg',NULL,NULL,NULL,NULL,NULL,NULL,'arc5364.jpg'),(39,8,23,NULL,NULL,'',0,43,NULL,'concrete, glass, granite','concrete, glass, granite',NULL,NULL,NULL,NULL,NULL,NULL,'concrete, glass, granite'),(40,8,3,NULL,NULL,'Artist',0,3,NULL,'Snøhetta AS','Snøhetta AS',NULL,NULL,NULL,NULL,NULL,NULL,'Snøhetta AS'),(41,8,2,NULL,NULL,'Country',0,36,NULL,'Egypt','Egypt',NULL,NULL,NULL,NULL,NULL,NULL,'Egypt'),(42,8,2,NULL,NULL,'City or Site',0,34,NULL,'Alexandria','Alexandria',NULL,NULL,NULL,NULL,NULL,NULL,'Alexandria'),(43,9,14,NULL,NULL,'',0,1,NULL,'Bibliotheca Alexandrina','Bibliotheca Alexandrina',NULL,NULL,NULL,NULL,NULL,NULL,'Bibliotheca Alexandrina'),(44,9,7,NULL,NULL,'',0,99,NULL,'arc5425.jpg','arc5425.jpg',NULL,NULL,NULL,NULL,NULL,NULL,'arc5425.jpg'),(45,9,23,NULL,NULL,'',0,43,NULL,'concrete, glass, granite','concrete, glass, granite',NULL,NULL,NULL,NULL,NULL,NULL,'concrete, glass, granite'),(46,9,3,NULL,NULL,'Artist',0,3,NULL,'Snøhetta AS','Snøhetta AS',NULL,NULL,NULL,NULL,NULL,NULL,'Snøhetta AS'),(47,9,2,NULL,NULL,'Country',0,36,NULL,'Egypt','Egypt',NULL,NULL,NULL,NULL,NULL,NULL,'Egypt'),(48,9,2,NULL,NULL,'City or Site',0,34,NULL,'Alexandria','Alexandria',NULL,NULL,NULL,NULL,NULL,NULL,'Alexandria'),(49,10,14,NULL,NULL,'',0,1,NULL,'Peace Monument','Peace Monument',NULL,NULL,NULL,NULL,NULL,NULL,'Peace Monument'),(50,10,7,NULL,NULL,'',0,99,NULL,'arc7078.jpg','arc7078.jpg',NULL,NULL,NULL,NULL,NULL,NULL,'arc7078.jpg'),(51,10,23,NULL,NULL,'',0,43,NULL,'steel, glass','steel, glass',NULL,NULL,NULL,NULL,NULL,NULL,'steel, glass'),(52,10,3,NULL,NULL,'Artist',0,3,NULL,'Clara','Clara',NULL,NULL,NULL,NULL,NULL,NULL,'Clara'),(53,10,2,NULL,NULL,'Country',0,36,NULL,'France','France',NULL,NULL,NULL,NULL,NULL,NULL,'France'),(54,10,2,NULL,NULL,'City or Site',0,34,NULL,'Paris','Paris',NULL,NULL,NULL,NULL,NULL,NULL,'Paris'),(55,11,14,NULL,NULL,'',0,1,NULL,'Assisi','Assisi',NULL,NULL,NULL,NULL,NULL,NULL,'Assisi'),(56,11,7,NULL,NULL,'',0,99,NULL,'arc7688.jpg','arc7688.jpg',NULL,NULL,NULL,NULL,NULL,NULL,'arc7688.jpg'),(57,11,2,NULL,NULL,'Country',0,36,NULL,'Italy','Italy',NULL,NULL,NULL,NULL,NULL,NULL,'Italy'),(58,11,2,NULL,NULL,'City or Site',0,34,NULL,'Assisi','Assisi',NULL,NULL,NULL,NULL,NULL,NULL,'Assisi'),(59,12,14,NULL,NULL,'',0,1,NULL,'Villa Giulia','Villa Giulia',NULL,NULL,NULL,NULL,NULL,NULL,'Villa Giulia'),(60,12,7,NULL,NULL,'',0,99,NULL,'arc8682.jpg','arc8682.jpg',NULL,NULL,NULL,NULL,NULL,NULL,'arc8682.jpg'),(61,12,23,NULL,NULL,'',0,43,NULL,'stone, marble, stucco, fresco','stone, marble, stucco, fresco',NULL,NULL,NULL,NULL,NULL,NULL,'stone, marble, stucco, fresco'),(62,12,3,NULL,NULL,'Artist',0,3,NULL,'Bartolomeo','Bartolomeo',NULL,NULL,NULL,NULL,NULL,NULL,'Bartolomeo'),(63,12,2,NULL,NULL,'Country',0,36,NULL,'Italy','Italy',NULL,NULL,NULL,NULL,NULL,NULL,'Italy'),(64,12,2,NULL,NULL,'City or Site',0,34,NULL,'Rome','Rome',NULL,NULL,NULL,NULL,NULL,NULL,'Rome'),(65,13,14,NULL,NULL,'',0,1,NULL,'Villa Giulia','Villa Giulia',NULL,NULL,NULL,NULL,NULL,NULL,'Villa Giulia'),(66,13,7,NULL,NULL,'',0,99,NULL,'arc8729.jpg','arc8729.jpg',NULL,NULL,NULL,NULL,NULL,NULL,'arc8729.jpg'),(67,13,23,NULL,NULL,'',0,43,NULL,'stone, marble, stucco, fresco','stone, marble, stucco, fresco',NULL,NULL,NULL,NULL,NULL,NULL,'stone, marble, stucco, fresco'),(68,13,3,NULL,NULL,'Artist',0,3,NULL,'Bartolomeo','Bartolomeo',NULL,NULL,NULL,NULL,NULL,NULL,'Bartolomeo'),(69,13,2,NULL,NULL,'Country',0,36,NULL,'Italy','Italy',NULL,NULL,NULL,NULL,NULL,NULL,'Italy'),(70,13,2,NULL,NULL,'City or Site',0,34,NULL,'Rome','Rome',NULL,NULL,NULL,NULL,NULL,NULL,'Rome'),(71,14,14,NULL,NULL,'',0,1,NULL,'Susie Cooper Earthenware Ceramics','Susie Cooper Earthenware Ceramic',NULL,NULL,NULL,NULL,NULL,NULL,'Susie Cooper Earthenware Ceramic'),(72,14,7,NULL,NULL,'',0,99,NULL,'ard4274.jpg','ard4274.jpg',NULL,NULL,NULL,NULL,NULL,NULL,'ard4274.jpg'),(73,14,23,NULL,NULL,'',0,43,NULL,'ceramic','ceramic',NULL,NULL,NULL,NULL,NULL,NULL,'ceramic'),(74,14,3,NULL,NULL,'Artist',0,3,NULL,'Susie','Susie',NULL,NULL,NULL,NULL,NULL,NULL,'Susie'),(75,14,2,NULL,NULL,'Country',0,36,NULL,'England','England',NULL,NULL,NULL,NULL,NULL,NULL,'England'),(76,15,14,NULL,NULL,'',0,1,NULL,'Casa Batllo','Casa Batllo',NULL,NULL,NULL,NULL,NULL,NULL,'Casa Batllo'),(77,15,7,NULL,NULL,'',0,99,NULL,'das0201.jpg','das0201.jpg',NULL,NULL,NULL,NULL,NULL,NULL,'das0201.jpg'),(78,15,3,NULL,NULL,'Artist',0,3,NULL,'Antoni','Antoni',NULL,NULL,NULL,NULL,NULL,NULL,'Antoni'),(79,15,2,NULL,NULL,'Country',0,36,NULL,'Spain','Spain',NULL,NULL,NULL,NULL,NULL,NULL,'Spain'),(80,15,2,NULL,NULL,'City or Site',0,34,NULL,'Barcelona','Barcelona',NULL,NULL,NULL,NULL,NULL,NULL,'Barcelona'),(81,16,14,NULL,NULL,'',0,1,NULL,'City of Arts and Sciences','City of Arts and Sciences',NULL,NULL,NULL,NULL,NULL,NULL,'City of Arts and Sciences'),(82,16,7,NULL,NULL,'',0,99,NULL,'das1788.jpg','das1788.jpg',NULL,NULL,NULL,NULL,NULL,NULL,'das1788.jpg'),(83,16,3,NULL,NULL,'Artist',0,3,NULL,'Santiago','Santiago',NULL,NULL,NULL,NULL,NULL,NULL,'Santiago'),(84,16,2,NULL,NULL,'Country',0,36,NULL,'Spain','Spain',NULL,NULL,NULL,NULL,NULL,NULL,'Spain'),(85,16,2,NULL,NULL,'City or Site',0,34,NULL,'Valencia','Valencia',NULL,NULL,NULL,NULL,NULL,NULL,'Valencia'),(86,17,14,NULL,NULL,'',0,1,NULL,'Robie House, interior: living room','Robie House, interior: living ro',NULL,NULL,NULL,NULL,NULL,NULL,'Robie House, interior: living ro'),(87,17,7,NULL,NULL,'',0,99,NULL,'dva0002.jpg','dva0002.jpg',NULL,NULL,NULL,NULL,NULL,NULL,'dva0002.jpg'),(88,17,3,NULL,NULL,'Artist',0,3,NULL,'Frank Lloyd','Frank Lloyd',NULL,NULL,NULL,NULL,NULL,NULL,'Frank Lloyd'),(89,17,2,NULL,NULL,'Country',0,36,NULL,'United States','United States',NULL,NULL,NULL,NULL,NULL,NULL,'United States'),(90,17,2,NULL,NULL,'City or Site',0,34,NULL,'Chicago, IL','Chicago, IL',NULL,NULL,NULL,NULL,NULL,NULL,'Chicago, IL'),(91,18,14,NULL,NULL,'',0,1,NULL,'The Niccolini Cowper Madonna','The Niccolini Cowper Madonna',NULL,NULL,NULL,NULL,NULL,NULL,'Niccolini Cowper Madonna'),(92,18,7,NULL,NULL,'',0,99,NULL,'dva0009.jpg','dva0009.jpg',NULL,NULL,NULL,NULL,NULL,NULL,'dva0009.jpg'),(93,18,3,NULL,NULL,'Artist',0,3,NULL,'Raphael','Raphael',NULL,NULL,NULL,NULL,NULL,NULL,'Raphael'),(94,18,2,NULL,NULL,'Country',0,36,NULL,'Italy','Italy',NULL,NULL,NULL,NULL,NULL,NULL,'Italy'),(95,19,14,NULL,NULL,'',0,1,NULL,'Marshmallow Sofa','Marshmallow Sofa',NULL,NULL,NULL,NULL,NULL,NULL,'Marshmallow Sofa'),(96,19,7,NULL,NULL,'',0,99,NULL,'dva0016.jpg','dva0016.jpg',NULL,NULL,NULL,NULL,NULL,NULL,'dva0016.jpg'),(97,19,3,NULL,NULL,'Artist',0,3,NULL,'George Nelson Associates (Designers 1947-1983)','George Nelson Associates (Design',NULL,NULL,NULL,NULL,NULL,NULL,'George Nelson Associates (Design'),(98,19,2,NULL,NULL,'Country',0,36,NULL,'United States','United States',NULL,NULL,NULL,NULL,NULL,NULL,'United States'),(99,20,14,NULL,NULL,'',0,1,NULL,'From the series \"One Hundred Famous Places in Edo\" #22: The Furu River at Hiroo','From the series \"One Hundred Fam',NULL,NULL,NULL,NULL,NULL,NULL,'From the series \"One Hundred Fam'),(100,20,7,NULL,NULL,'',0,99,NULL,'dva0077.jpg','dva0077.jpg',NULL,NULL,NULL,NULL,NULL,NULL,'dva0077.jpg'),(101,20,3,NULL,NULL,'Artist',0,3,NULL,'Ando Hiroshige','Ando Hiroshige',NULL,NULL,NULL,NULL,NULL,NULL,'Ando Hiroshige'),(102,20,2,NULL,NULL,'Country',0,36,NULL,'Japan','Japan',NULL,NULL,NULL,NULL,NULL,NULL,'Japan'),(103,21,14,NULL,NULL,'',0,1,NULL,'Migration of the Negro series #30: Families often gathered to discuss whether to go north or to stay south','Migration of the Negro series #3',NULL,NULL,NULL,NULL,NULL,NULL,'Migration of the Negro series #3'),(104,21,7,NULL,NULL,'',0,99,NULL,'dva0104.jpg','dva0104.jpg',NULL,NULL,NULL,NULL,NULL,NULL,'dva0104.jpg'),(105,21,3,NULL,NULL,'Artist',0,3,NULL,'Jacob','Jacob',NULL,NULL,NULL,NULL,NULL,NULL,'Jacob'),(106,21,2,NULL,NULL,'Country',0,36,NULL,'United States','United States',NULL,NULL,NULL,NULL,NULL,NULL,'United States'),(107,22,14,NULL,NULL,'',0,1,NULL,'Crying Girl','Crying Girl',NULL,NULL,NULL,NULL,NULL,NULL,'Crying Girl'),(108,22,7,NULL,NULL,'',0,99,NULL,'dva1092.jpg','dva1092.jpg',NULL,NULL,NULL,NULL,NULL,NULL,'dva1092.jpg'),(109,22,3,NULL,NULL,'Artist',0,3,NULL,'Roy','Roy',NULL,NULL,NULL,NULL,NULL,NULL,'Roy'),(110,22,2,NULL,NULL,'Country',0,36,NULL,'United States','United States',NULL,NULL,NULL,NULL,NULL,NULL,'United States'),(111,23,14,NULL,NULL,'',0,1,NULL,'Dad\'s Coming!','Dad\'s Coming!',NULL,NULL,NULL,NULL,NULL,NULL,'Dad\'s Coming!'),(112,23,7,NULL,NULL,'',0,99,NULL,'dva1535.jpg','dva1535.jpg',NULL,NULL,NULL,NULL,NULL,NULL,'dva1535.jpg'),(113,23,3,NULL,NULL,'Artist',0,3,NULL,'Winslow','Winslow',NULL,NULL,NULL,NULL,NULL,NULL,'Winslow'),(114,23,2,NULL,NULL,'Country',0,36,NULL,'United States','United States',NULL,NULL,NULL,NULL,NULL,NULL,'United States'),(115,24,14,NULL,NULL,'',0,1,NULL,'Shulawitsa Kohana Kachina (Fire God)','Shulawitsa Kohana Kachina (Fire ',NULL,NULL,NULL,NULL,NULL,NULL,'Shulawitsa Kohana Kachina (Fire '),(116,24,7,NULL,NULL,'',0,99,NULL,'dva1621.jpg','dva1621.jpg',NULL,NULL,NULL,NULL,NULL,NULL,'dva1621.jpg'),(117,24,2,NULL,NULL,'Country',0,36,NULL,'United States','United States',NULL,NULL,NULL,NULL,NULL,NULL,'United States'),(118,24,2,NULL,NULL,'City or Site',0,34,NULL,'New Mexico','New Mexico',NULL,NULL,NULL,NULL,NULL,NULL,'New Mexico'),(119,25,14,NULL,NULL,'',0,1,NULL,'Ghostdance/Pedmarks','Ghostdance/Pedmarks',NULL,NULL,NULL,NULL,NULL,NULL,'Ghostdance/Pedmarks'),(120,25,7,NULL,NULL,'',0,99,NULL,'dva1765.jpg','dva1765.jpg',NULL,NULL,NULL,NULL,NULL,NULL,'dva1765.jpg'),(121,25,3,NULL,NULL,'Artist',0,3,NULL,'Lynda','Lynda',NULL,NULL,NULL,NULL,NULL,NULL,'Lynda'),(122,25,2,NULL,NULL,'Country',0,36,NULL,'United States','United States',NULL,NULL,NULL,NULL,NULL,NULL,'United States'),(123,26,14,NULL,NULL,'',0,1,NULL,'Our Women and the War, from Harper\'s Weekly\"\"','Our Women and the War, from Harp',NULL,NULL,NULL,NULL,NULL,NULL,'Our Women and the War, from Harp'),(124,26,7,NULL,NULL,'',0,99,NULL,'dva3479.jpg','dva3479.jpg',NULL,NULL,NULL,NULL,NULL,NULL,'dva3479.jpg'),(125,26,3,NULL,NULL,'Artist',0,3,NULL,'Winslow','Winslow',NULL,NULL,NULL,NULL,NULL,NULL,'Winslow'),(126,27,14,NULL,NULL,'',0,1,NULL,'Great Stupa (Stupa 1)','Great Stupa (Stupa 1)',NULL,NULL,NULL,NULL,NULL,NULL,'Great Stupa (Stupa 1)'),(127,27,7,NULL,NULL,'',0,99,NULL,'jia2101.jpg','jia2101.jpg',NULL,NULL,NULL,NULL,NULL,NULL,'jia2101.jpg'),(128,27,23,NULL,NULL,'',0,43,NULL,'rubble core with sandstone facing','rubble core with sandstone facin',NULL,NULL,NULL,NULL,NULL,NULL,'rubble core with sandstone facin'),(129,27,2,NULL,NULL,'Country',0,36,NULL,'India','India',NULL,NULL,NULL,NULL,NULL,NULL,'India'),(130,27,2,NULL,NULL,'City or Site',0,34,NULL,'Sanchi, Madhya Pradesh','Sanchi, Madhya Pradesh',NULL,NULL,NULL,NULL,NULL,NULL,'Sanchi, Madhya Pradesh'),(131,28,14,NULL,NULL,'',0,1,NULL,'Head of a ruler','Head of a ruler',NULL,NULL,NULL,NULL,NULL,NULL,'Head of a ruler'),(132,28,7,NULL,NULL,'',0,99,NULL,'jic0844.jpg','jic0844.jpg',NULL,NULL,NULL,NULL,NULL,NULL,'jic0844.jpg'),(133,28,23,NULL,NULL,'',0,43,NULL,'Arsenical copper','Arsenical copper',NULL,NULL,NULL,NULL,NULL,NULL,'Arsenical copper'),(134,28,2,NULL,NULL,'Country',0,36,NULL,'Iran','Iran',NULL,NULL,NULL,NULL,NULL,NULL,'Iran'),(135,29,14,NULL,NULL,'',0,1,NULL,'Temple of Hadrian','Temple of Hadrian',NULL,NULL,NULL,NULL,NULL,NULL,'Temple of Hadrian'),(136,29,7,NULL,NULL,'',0,99,NULL,'jta0216.jpg','jta0216.jpg',NULL,NULL,NULL,NULL,NULL,NULL,'jta0216.jpg'),(137,29,2,NULL,NULL,'Country',0,36,NULL,'Turkey','Turkey',NULL,NULL,NULL,NULL,NULL,NULL,'Turkey'),(138,29,2,NULL,NULL,'City or Site',0,34,NULL,'Ephesus','Ephesus',NULL,NULL,NULL,NULL,NULL,NULL,'Ephesus'),(139,30,14,NULL,NULL,'',0,1,NULL,'Garden of Earthly Delights Altar: Exterior','Garden of Earthly Delights Altar',NULL,NULL,NULL,NULL,NULL,NULL,'Garden of Earthly Delights Altar'),(140,30,7,NULL,NULL,'',0,99,NULL,'lff1113.jpg','lff1113.jpg',NULL,NULL,NULL,NULL,NULL,NULL,'lff1113.jpg'),(141,30,23,NULL,NULL,'',0,43,NULL,'wood','wood',NULL,NULL,NULL,NULL,NULL,NULL,'wood'),(142,30,3,NULL,NULL,'Artist',0,3,NULL,'Hieronymus','Hieronymus',NULL,NULL,NULL,NULL,NULL,NULL,'Hieronymus'),(143,31,14,NULL,NULL,'',0,1,NULL,'Marriage Feast at Cana','Marriage Feast at Cana',NULL,NULL,NULL,NULL,NULL,NULL,'Marriage Feast at Cana'),(144,31,7,NULL,NULL,'',0,99,NULL,'lif2330.jpg','lif2330.jpg',NULL,NULL,NULL,NULL,NULL,NULL,'lif2330.jpg'),(145,31,23,NULL,NULL,'',0,43,NULL,'oil on canvas','oil on canvas',NULL,NULL,NULL,NULL,NULL,NULL,'oil on canvas'),(146,31,3,NULL,NULL,'Artist',0,3,NULL,'Paolo','Paolo',NULL,NULL,NULL,NULL,NULL,NULL,'Paolo'),(147,32,14,NULL,NULL,'',0,1,NULL,'Marriage Feast at Cana','Marriage Feast at Cana',NULL,NULL,NULL,NULL,NULL,NULL,'Marriage Feast at Cana'),(148,32,7,NULL,NULL,'',0,99,NULL,'lif2335.jpg','lif2335.jpg',NULL,NULL,NULL,NULL,NULL,NULL,'lif2335.jpg'),(149,32,23,NULL,NULL,'',0,43,NULL,'oil on canvas','oil on canvas',NULL,NULL,NULL,NULL,NULL,NULL,'oil on canvas'),(150,32,3,NULL,NULL,'Artist',0,3,NULL,'Paolo','Paolo',NULL,NULL,NULL,NULL,NULL,NULL,'Paolo'),(151,33,14,NULL,NULL,'',0,1,NULL,'Salt Cellar for François I (\'Saliera\')','Salt Cellar for François I (\'Sal',NULL,NULL,NULL,NULL,NULL,NULL,'Salt Cellar for François I (\'Sal'),(152,33,7,NULL,NULL,'',0,99,NULL,'lix0004.jpg','lix0004.jpg',NULL,NULL,NULL,NULL,NULL,NULL,'lix0004.jpg'),(153,33,3,NULL,NULL,'Artist',0,3,NULL,'Benvenuto','Benvenuto',NULL,NULL,NULL,NULL,NULL,NULL,'Benvenuto'),(154,34,14,NULL,NULL,'',0,1,NULL,'Peacock Dish','Peacock Dish',NULL,NULL,NULL,NULL,NULL,NULL,'Peacock Dish'),(155,34,7,NULL,NULL,'',0,99,NULL,'ltw0001.jpg','ltw0001.jpg',NULL,NULL,NULL,NULL,NULL,NULL,'ltw0001.jpg'),(156,34,23,NULL,NULL,'',0,43,NULL,'fritware with slip and lead glaze','fritware with slip and lead glaz',NULL,NULL,NULL,NULL,NULL,NULL,'fritware with slip and lead glaz'),(157,34,2,NULL,NULL,'Country',0,36,NULL,'Turkey','Turkey',NULL,NULL,NULL,NULL,NULL,NULL,'Turkey'),(158,34,2,NULL,NULL,'City or Site',0,34,NULL,'Iznik','Iznik',NULL,NULL,NULL,NULL,NULL,NULL,'Iznik'),(159,35,14,NULL,NULL,'',0,1,NULL,'Taj Mahal','Taj Mahal',NULL,NULL,NULL,NULL,NULL,NULL,'Taj Mahal'),(160,35,7,NULL,NULL,'',0,99,NULL,'mia2010.jpg','mia2010.jpg',NULL,NULL,NULL,NULL,NULL,NULL,'mia2010.jpg'),(161,35,23,NULL,NULL,'',0,43,NULL,'faced with white marble inlaid with colored stones','faced with white marble inlaid w',NULL,NULL,NULL,NULL,NULL,NULL,'faced with white marble inlaid w'),(162,35,3,NULL,NULL,'Artist',0,3,NULL,'Ustad Ahmad Ma\'mar','Ustad Ahmad Ma\'mar',NULL,NULL,NULL,NULL,NULL,NULL,'Ustad Ahmad Ma\'mar'),(163,35,2,NULL,NULL,'Country',0,36,NULL,'India','India',NULL,NULL,NULL,NULL,NULL,NULL,'India'),(164,35,2,NULL,NULL,'City or Site',0,34,NULL,'Agra','Agra',NULL,NULL,NULL,NULL,NULL,NULL,'Agra'),(165,36,14,NULL,NULL,'',0,1,NULL,'The Third of May: Execution of the Madrilenos','The Third of May: Execution of t',NULL,NULL,NULL,NULL,NULL,NULL,'Third of May: Execution of the M'),(166,36,7,NULL,NULL,'',0,99,NULL,'nsf0093.jpg','nsf0093.jpg',NULL,NULL,NULL,NULL,NULL,NULL,'nsf0093.jpg'),(167,36,23,NULL,NULL,'',0,43,NULL,'canvas','canvas',NULL,NULL,NULL,NULL,NULL,NULL,'canvas'),(168,36,3,NULL,NULL,'Artist',0,3,NULL,'Francisco de','Francisco de',NULL,NULL,NULL,NULL,NULL,NULL,'Francisco de'),(169,37,14,NULL,NULL,'',0,1,NULL,'Altamira Cave','Altamira Cave',NULL,NULL,NULL,NULL,NULL,NULL,'Altamira Cave'),(170,37,7,NULL,NULL,'',0,99,NULL,'psp0109.jpg','psp0109.jpg',NULL,NULL,NULL,NULL,NULL,NULL,'psp0109.jpg'),(171,37,23,NULL,NULL,'',0,43,NULL,'Yellow, red and brown ochre and charcoal','Yellow, red and brown ochre and ',NULL,NULL,NULL,NULL,NULL,NULL,'Yellow, red and brown ochre and '),(172,37,2,NULL,NULL,'Country',0,36,NULL,'Spain','Spain',NULL,NULL,NULL,NULL,NULL,NULL,'Spain'),(173,37,2,NULL,NULL,'City or Site',0,34,NULL,'Santander (near)','Santander (near)',NULL,NULL,NULL,NULL,NULL,NULL,'Santander (near)'),(174,38,14,NULL,NULL,'',0,1,NULL,'Temple of Ramesses II','Temple of Ramesses II',NULL,NULL,NULL,NULL,NULL,NULL,'Temple of Ramesses II'),(175,38,7,NULL,NULL,'',0,99,NULL,'seg0023.jpg','seg0023.jpg',NULL,NULL,NULL,NULL,NULL,NULL,'seg0023.jpg'),(176,38,2,NULL,NULL,'Country',0,36,NULL,'Egypt','Egypt',NULL,NULL,NULL,NULL,NULL,NULL,'Egypt'),(177,38,2,NULL,NULL,'City or Site',0,34,NULL,'Abu Sunbul','Abu Sunbul',NULL,NULL,NULL,NULL,NULL,NULL,'Abu Sunbul'),(178,39,14,NULL,NULL,'',0,1,NULL,'Chateau de Versailles','Chateau de Versailles',NULL,NULL,NULL,NULL,NULL,NULL,'Chateau de Versailles'),(179,39,7,NULL,NULL,'',0,99,NULL,'sfr0427.jpg','sfr0427.jpg',NULL,NULL,NULL,NULL,NULL,NULL,'sfr0427.jpg'),(180,39,23,NULL,NULL,'',0,43,NULL,'Bronze','Bronze',NULL,NULL,NULL,NULL,NULL,NULL,'Bronze'),(181,39,2,NULL,NULL,'Country',0,36,NULL,'France','France',NULL,NULL,NULL,NULL,NULL,NULL,'France'),(182,39,2,NULL,NULL,'City or Site',0,34,NULL,'Versailles','Versailles',NULL,NULL,NULL,NULL,NULL,NULL,'Versailles'),(183,40,14,NULL,NULL,'',0,1,NULL,'Cathedral of Notre Dame, Reims','Cathedral of Notre Dame, Reims',NULL,NULL,NULL,NULL,NULL,NULL,'Cathedral of Notre Dame, Reims'),(184,40,7,NULL,NULL,'',0,99,NULL,'sfr0485.jpg','sfr0485.jpg',NULL,NULL,NULL,NULL,NULL,NULL,'sfr0485.jpg'),(185,40,2,NULL,NULL,'Country',0,36,NULL,'France','France',NULL,NULL,NULL,NULL,NULL,NULL,'France'),(186,40,2,NULL,NULL,'City or Site',0,34,NULL,'Reims','Reims',NULL,NULL,NULL,NULL,NULL,NULL,'Reims'),(187,41,14,NULL,NULL,'',0,1,NULL,'The Terrace at Sainte-Adresse','The Terrace at Sainte-Adresse',NULL,NULL,NULL,NULL,NULL,NULL,'Terrace at Sainte-Adresse'),(188,41,7,NULL,NULL,'',0,99,NULL,'xir032462.jpg','xir032462.jpg',NULL,NULL,NULL,NULL,NULL,NULL,'xir032462.jpg'),(189,41,23,NULL,NULL,'',0,43,NULL,'oil paint on canvas','oil paint on canvas',NULL,NULL,NULL,NULL,NULL,NULL,'oil paint on canvas'),(190,41,3,NULL,NULL,'Artist',0,3,NULL,'Claude','Claude',NULL,NULL,NULL,NULL,NULL,NULL,'Claude'),(191,42,14,NULL,NULL,'',0,1,NULL,'Oath of the Tennis Court [grisaille sketch]','Oath of the Tennis Court [grisai',NULL,NULL,NULL,NULL,NULL,NULL,'Oath of the Tennis Court [grisai'),(192,42,7,NULL,NULL,'',0,99,NULL,'xir034107.jpg','xir034107.jpg',NULL,NULL,NULL,NULL,NULL,NULL,'xir034107.jpg'),(193,42,23,NULL,NULL,'',0,43,NULL,'gouache, ink and pencil on paper','gouache, ink and pencil on paper',NULL,NULL,NULL,NULL,NULL,NULL,'gouache, ink and pencil on paper'),(194,42,3,NULL,NULL,'Artist',0,3,NULL,'Jacques-Louis','Jacques-Louis',NULL,NULL,NULL,NULL,NULL,NULL,'Jacques-Louis'),(195,42,2,NULL,NULL,'Country',0,36,NULL,'France','France',NULL,NULL,NULL,NULL,NULL,NULL,'France'),(196,43,14,NULL,NULL,'',0,1,NULL,'Federigo da Montefeltro and his son Guidobaldo','Federigo da Montefeltro and his ',NULL,NULL,NULL,NULL,NULL,NULL,'Federigo da Montefeltro and his '),(197,43,7,NULL,NULL,'',0,99,NULL,'xir058599.jpg','xir058599.jpg',NULL,NULL,NULL,NULL,NULL,NULL,'xir058599.jpg'),(198,43,3,NULL,NULL,'Artist',0,3,NULL,'Joos van Gent','Joos van Gent',NULL,NULL,NULL,NULL,NULL,NULL,'Joos van Gent'),(199,44,14,NULL,NULL,'',0,1,NULL,'Hunarnama (Volume II)','Hunarnama (Volume II)',NULL,NULL,NULL,NULL,NULL,NULL,'Hunarnama (Volume II)'),(200,44,7,NULL,NULL,'',0,99,NULL,'xir156161.jpg','xir156161.jpg',NULL,NULL,NULL,NULL,NULL,NULL,'xir156161.jpg'),(201,44,23,NULL,NULL,'',0,43,NULL,'gouache on paper','gouache on paper',NULL,NULL,NULL,NULL,NULL,NULL,'gouache on paper'),(202,44,3,NULL,NULL,'Artist',0,3,NULL,'Osman','Osman',NULL,NULL,NULL,NULL,NULL,NULL,'Osman'),(203,44,2,NULL,NULL,'Country',0,36,NULL,'Ottoman Empire (H)','Ottoman Empire (H)',NULL,NULL,NULL,NULL,NULL,NULL,'Ottoman Empire (H)'),(204,45,14,NULL,NULL,'',0,1,NULL,'Gold Funerary Mask of Tutankhamun','Gold Funerary Mask of Tutankhamu',NULL,NULL,NULL,NULL,NULL,NULL,'Gold Funerary Mask of Tutankhamu'),(205,45,7,NULL,NULL,'',0,99,NULL,'xir162303.jpg','xir162303.jpg',NULL,NULL,NULL,NULL,NULL,NULL,'xir162303.jpg'),(206,45,23,NULL,NULL,'',0,43,NULL,'Gold inlaid with semi-precious stones','Gold inlaid with semi-precious s',NULL,NULL,NULL,NULL,NULL,NULL,'Gold inlaid with semi-precious s'),(207,45,2,NULL,NULL,'Country',0,36,NULL,'Egypt','Egypt',NULL,NULL,NULL,NULL,NULL,NULL,'Egypt'),(208,46,14,NULL,NULL,'',0,1,NULL,'Eiffel Tower','Eiffel Tower',NULL,NULL,NULL,NULL,NULL,NULL,'Eiffel Tower'),(209,46,7,NULL,NULL,'',0,99,NULL,'xir163472.jpg','xir163472.jpg',NULL,NULL,NULL,NULL,NULL,NULL,'xir163472.jpg'),(210,46,3,NULL,NULL,'Artist',0,3,NULL,'Gustave','Gustave',NULL,NULL,NULL,NULL,NULL,NULL,'Gustave'),(211,46,2,NULL,NULL,'Country',0,36,NULL,'France','France',NULL,NULL,NULL,NULL,NULL,NULL,'France'),(212,46,2,NULL,NULL,'City or Site',0,34,NULL,'Paris','Paris',NULL,NULL,NULL,NULL,NULL,NULL,'Paris'),(213,47,14,NULL,NULL,'',0,1,NULL,'Eiffel Tower','Eiffel Tower',NULL,NULL,NULL,NULL,NULL,NULL,'Eiffel Tower'),(214,47,7,NULL,NULL,'',0,99,NULL,'xir163473.jpg','xir163473.jpg',NULL,NULL,NULL,NULL,NULL,NULL,'xir163473.jpg'),(215,47,3,NULL,NULL,'Artist',0,3,NULL,'Gustave','Gustave',NULL,NULL,NULL,NULL,NULL,NULL,'Gustave'),(216,47,2,NULL,NULL,'Country',0,36,NULL,'France','France',NULL,NULL,NULL,NULL,NULL,NULL,'France'),(217,47,2,NULL,NULL,'City or Site',0,34,NULL,'Paris','Paris',NULL,NULL,NULL,NULL,NULL,NULL,'Paris'),(218,48,14,NULL,NULL,'',0,1,NULL,'Sarah Bernhardt in costume','Sarah Bernhardt in costume',NULL,NULL,NULL,NULL,NULL,NULL,'Sarah Bernhardt in costume'),(219,48,7,NULL,NULL,'',0,99,NULL,'xir192377.jpg','xir192377.jpg',NULL,NULL,NULL,NULL,NULL,NULL,'xir192377.jpg'),(220,48,23,NULL,NULL,'',0,43,NULL,'Photograhic print on paper','Photograhic print on paper',NULL,NULL,NULL,NULL,NULL,NULL,'Photograhic print on paper'),(221,48,3,NULL,NULL,'Artist',0,3,NULL,'Nadar','Nadar',NULL,NULL,NULL,NULL,NULL,NULL,'Nadar'),(222,48,2,NULL,NULL,'Country',0,36,NULL,'France','France',NULL,NULL,NULL,NULL,NULL,NULL,'France'),(223,49,14,NULL,NULL,'',0,1,NULL,'Les Antiquités judaïques','Les Antiquités judaïques',NULL,NULL,NULL,NULL,NULL,NULL,'Les Antiquités judaïques'),(224,49,7,NULL,NULL,'',0,99,NULL,'xir208568.jpg','xir208568.jpg',NULL,NULL,NULL,NULL,NULL,NULL,'xir208568.jpg'),(225,49,23,NULL,NULL,'',0,43,NULL,'ink and pigment on vellum','ink and pigment on vellum',NULL,NULL,NULL,NULL,NULL,NULL,'ink and pigment on vellum'),(226,49,3,NULL,NULL,'Artist',0,3,NULL,'Jean','Jean',NULL,NULL,NULL,NULL,NULL,NULL,'Jean'),(227,49,2,NULL,NULL,'Country',0,36,NULL,'France','France',NULL,NULL,NULL,NULL,NULL,NULL,'France'),(228,50,14,NULL,NULL,'',0,1,NULL,'Self Portrait','Self Portrait',NULL,NULL,NULL,NULL,NULL,NULL,'Self Portrait'),(229,50,7,NULL,NULL,'',0,99,NULL,'xir224971.jpg','xir224971.jpg',NULL,NULL,NULL,NULL,NULL,NULL,'xir224971.jpg'),(230,50,23,NULL,NULL,'',0,43,NULL,'oil paint on canvas','oil paint on canvas',NULL,NULL,NULL,NULL,NULL,NULL,'oil paint on canvas'),(231,50,3,NULL,NULL,'Artist',0,3,NULL,'Kazimir','Kazimir',NULL,NULL,NULL,NULL,NULL,NULL,'Kazimir');
/*!40000 ALTER TABLE `data_fieldvalue` ENABLE KEYS */;
UNLOCK TABLES;

--
-- Table structure for table `data_metadatastandard`
--

DROP TABLE IF EXISTS `data_metadatastandard`;
/*!40101 SET @saved_cs_client     = @@character_set_client */;
/*!40101 SET character_set_client = utf8 */;
CREATE TABLE `data_metadatastandard` (
  `id` int(11) NOT NULL AUTO_INCREMENT,
  `title` varchar(100) NOT NULL,
  `name` varchar(50) NOT NULL,
  `prefix` varchar(16) NOT NULL,
  PRIMARY KEY (`id`),
  UNIQUE KEY `name` (`name`),
  UNIQUE KEY `prefix` (`prefix`)
) ENGINE=InnoDB AUTO_INCREMENT=4 DEFAULT CHARSET=utf8;
/*!40101 SET character_set_client = @saved_cs_client */;

--
-- Dumping data for table `data_metadatastandard`
--

LOCK TABLES `data_metadatastandard` WRITE;
/*!40000 ALTER TABLE `data_metadatastandard` DISABLE KEYS */;
INSERT INTO `data_metadatastandard` VALUES (1,'Dublin Core','dublin-core','dc'),(2,'Tagging','tagging','tag'),(3,'VRA Core 4','vra-core-4','vra');
/*!40000 ALTER TABLE `data_metadatastandard` ENABLE KEYS */;
UNLOCK TABLES;

--
-- Table structure for table `data_record`
--

DROP TABLE IF EXISTS `data_record`;
/*!40101 SET @saved_cs_client     = @@character_set_client */;
/*!40101 SET character_set_client = utf8 */;
CREATE TABLE `data_record` (
  `id` int(11) NOT NULL AUTO_INCREMENT,
  `created` datetime NOT NULL,
  `modified` datetime NOT NULL,
  `name` varchar(50) NOT NULL,
  `parent_id` int(11) DEFAULT NULL,
  `source` varchar(1024) DEFAULT NULL,
  `manager` varchar(50) DEFAULT NULL,
  `next_update` datetime DEFAULT NULL,
  `owner_id` int(11) DEFAULT NULL,
  PRIMARY KEY (`id`),
  UNIQUE KEY `name` (`name`),
  KEY `data_record_parent_id` (`parent_id`),
  KEY `data_record_owner_id` (`owner_id`)
) ENGINE=InnoDB AUTO_INCREMENT=51 DEFAULT CHARSET=utf8;
/*!40101 SET character_set_client = @saved_cs_client */;

--
-- Dumping data for table `data_record`
--

LOCK TABLES `data_record` WRITE;
/*!40000 ALTER TABLE `data_record` DISABLE KEYS */;
INSERT INTO `data_record` VALUES (1,'2010-09-13 13:46:58','2010-09-13 13:47:03','r-6465258',NULL,NULL,NULL,NULL,NULL),(2,'2010-09-13 13:46:58','2010-09-13 13:47:03','r-4418516',NULL,NULL,NULL,NULL,NULL),(3,'2010-09-13 13:46:58','2010-09-13 13:47:04','r-1675860',NULL,NULL,NULL,NULL,NULL),(4,'2010-09-13 13:46:58','2010-09-13 13:47:04','r-6623180',NULL,NULL,NULL,NULL,NULL),(5,'2010-09-13 13:46:58','2010-09-13 13:47:04','r-6860593',NULL,NULL,NULL,NULL,NULL),(6,'2010-09-13 13:46:58','2010-09-13 13:47:04','r-1130434',NULL,NULL,NULL,NULL,NULL),(7,'2010-09-13 13:46:58','2010-09-13 13:47:04','r-4754071',NULL,NULL,NULL,NULL,NULL),(8,'2010-09-13 13:46:58','2010-09-13 13:47:04','r-9410946',NULL,NULL,NULL,NULL,NULL),(9,'2010-09-13 13:46:58','2010-09-13 13:47:04','r-6384646',NULL,NULL,NULL,NULL,NULL),(10,'2010-09-13 13:46:58','2010-09-13 13:47:04','r-5025242',NULL,NULL,NULL,NULL,NULL),(11,'2010-09-13 13:46:58','2010-09-13 13:47:04','r-2966836',NULL,NULL,NULL,NULL,NULL),(12,'2010-09-13 13:46:58','2010-09-13 13:47:04','r-5740161',NULL,NULL,NULL,NULL,NULL),(13,'2010-09-13 13:46:58','2010-09-13 13:47:04','r-3269409',NULL,NULL,NULL,NULL,NULL),(14,'2010-09-13 13:46:58','2010-09-13 13:47:04','r-7307847',NULL,NULL,NULL,NULL,NULL),(15,'2010-09-13 13:46:58','2010-09-13 13:47:04','r-3144494',NULL,NULL,NULL,NULL,NULL),(16,'2010-09-13 13:46:58','2010-09-13 13:47:04','r-2647309',NULL,NULL,NULL,NULL,NULL),(17,'2010-09-13 13:46:58','2010-09-13 13:47:04','r-8638900',NULL,NULL,NULL,NULL,NULL),(18,'2010-09-13 13:46:58','2010-09-13 13:47:04','r-4932941',NULL,NULL,NULL,NULL,NULL),(19,'2010-09-13 13:46:58','2010-09-13 13:47:04','r-7830473',NULL,NULL,NULL,NULL,NULL),(20,'2010-09-13 13:46:58','2010-09-13 13:47:04','r-2176340',NULL,NULL,NULL,NULL,NULL),(21,'2010-09-13 13:46:58','2010-09-13 13:47:04','r-3579451',NULL,NULL,NULL,NULL,NULL),(22,'2010-09-13 13:46:58','2010-09-13 13:47:04','r-5049758',NULL,NULL,NULL,NULL,NULL),(23,'2010-09-13 13:46:58','2010-09-13 13:47:04','r-5331913',NULL,NULL,NULL,NULL,NULL),(24,'2010-09-13 13:46:58','2010-09-13 13:47:04','r-6665811',NULL,NULL,NULL,NULL,NULL),(25,'2010-09-13 13:46:58','2010-09-13 13:47:04','r-1292627',NULL,NULL,NULL,NULL,NULL),(26,'2010-09-13 13:46:58','2010-09-13 13:47:04','r-6101370',NULL,NULL,NULL,NULL,NULL),(27,'2010-09-13 13:46:58','2010-09-13 13:47:04','r-1185376',NULL,NULL,NULL,NULL,NULL),(28,'2010-09-13 13:46:58','2010-09-13 13:47:04','r-9291184',NULL,NULL,NULL,NULL,NULL),(29,'2010-09-13 13:46:58','2010-09-13 13:47:04','r-8236056',NULL,NULL,NULL,NULL,NULL),(30,'2010-09-13 13:46:58','2010-09-13 13:47:04','r-6144275',NULL,NULL,NULL,NULL,NULL),(31,'2010-09-13 13:46:58','2010-09-13 13:47:04','r-9229228',NULL,NULL,NULL,NULL,NULL),(32,'2010-09-13 13:46:58','2010-09-13 13:47:04','r-8774067',NULL,NULL,NULL,NULL,NULL),(33,'2010-09-13 13:46:58','2010-09-13 13:47:04','r-4889675',NULL,NULL,NULL,NULL,NULL),(34,'2010-09-13 13:46:58','2010-09-13 13:47:04','r-4263495',NULL,NULL,NULL,NULL,NULL),(35,'2010-09-13 13:46:58','2010-09-13 13:47:04','r-4422147',NULL,NULL,NULL,NULL,NULL),(36,'2010-09-13 13:46:58','2010-09-13 13:47:04','r-7330569',NULL,NULL,NULL,NULL,NULL),(37,'2010-09-13 13:46:58','2010-09-13 13:47:04','r-3282982',NULL,NULL,NULL,NULL,NULL),(38,'2010-09-13 13:46:58','2010-09-13 13:47:04','r-9183174',NULL,NULL,NULL,NULL,NULL),(39,'2010-09-13 13:46:58','2010-09-13 13:47:04','r-6635183',NULL,NULL,NULL,NULL,NULL),(40,'2010-09-13 13:46:58','2010-09-13 13:47:04','r-2159271',NULL,NULL,NULL,NULL,NULL),(41,'2010-09-13 13:46:58','2010-09-13 13:47:04','r-2684678',NULL,NULL,NULL,NULL,NULL),(42,'2010-09-13 13:46:58','2010-09-13 13:47:04','r-4525918',NULL,NULL,NULL,NULL,NULL),(43,'2010-09-13 13:46:58','2010-09-13 13:47:04','r-1900501',NULL,NULL,NULL,NULL,NULL),(44,'2010-09-13 13:46:58','2010-09-13 13:47:04','r-4589541',NULL,NULL,NULL,NULL,NULL),(45,'2010-09-13 13:46:58','2010-09-13 13:47:04','r-4462012',NULL,NULL,NULL,NULL,NULL),(46,'2010-09-13 13:46:58','2010-09-13 13:47:04','r-4400276',NULL,NULL,NULL,NULL,NULL),(47,'2010-09-13 13:46:58','2010-09-13 13:47:04','r-4187898',NULL,NULL,NULL,NULL,NULL),(48,'2010-09-13 13:46:58','2010-09-13 13:47:04','r-8800447',NULL,NULL,NULL,NULL,NULL),(49,'2010-09-13 13:46:58','2010-09-13 13:47:04','r-4777103',NULL,NULL,NULL,NULL,NULL),(50,'2010-09-13 13:46:58','2010-09-13 13:47:04','r-3399908',NULL,NULL,NULL,NULL,NULL);
/*!40000 ALTER TABLE `data_record` ENABLE KEYS */;
UNLOCK TABLES;

--
-- Table structure for table `data_remotemetadata`
--

DROP TABLE IF EXISTS `data_remotemetadata`;
/*!40101 SET @saved_cs_client     = @@character_set_client */;
/*!40101 SET character_set_client = utf8 */;
CREATE TABLE `data_remotemetadata` (
  `id` int(11) NOT NULL AUTO_INCREMENT,
  `url` varchar(255) NOT NULL,
  `mapping_url` varchar(255) NOT NULL,
  `last_modified` varchar(100) DEFAULT NULL,
  `collection_id` int(11) NOT NULL,
  `storage_id` int(11) NOT NULL,
  PRIMARY KEY (`id`),
  KEY `data_remote_collection_id_482d7dc251c1c853_fk_data_collection_id` (`collection_id`),
  KEY `data_remotemet_storage_id_2544c9dd4ceb69df_fk_storage_storage_id` (`storage_id`),
  CONSTRAINT `data_remote_collection_id_482d7dc251c1c853_fk_data_collection_id` FOREIGN KEY (`collection_id`) REFERENCES `data_collection` (`id`),
  CONSTRAINT `data_remotemet_storage_id_2544c9dd4ceb69df_fk_storage_storage_id` FOREIGN KEY (`storage_id`) REFERENCES `storage_storage` (`id`)
) ENGINE=InnoDB DEFAULT CHARSET=utf8;
/*!40101 SET character_set_client = @saved_cs_client */;

--
-- Dumping data for table `data_remotemetadata`
--

LOCK TABLES `data_remotemetadata` WRITE;
/*!40000 ALTER TABLE `data_remotemetadata` DISABLE KEYS */;
/*!40000 ALTER TABLE `data_remotemetadata` ENABLE KEYS */;
UNLOCK TABLES;

--
-- Table structure for table `data_vocabulary`
--

DROP TABLE IF EXISTS `data_vocabulary`;
/*!40101 SET @saved_cs_client     = @@character_set_client */;
/*!40101 SET character_set_client = utf8 */;
CREATE TABLE `data_vocabulary` (
  `id` int(11) NOT NULL AUTO_INCREMENT,
  `title` varchar(100) NOT NULL,
  `name` varchar(50) NOT NULL,
  `description` longtext,
  `standard` tinyint(1) DEFAULT NULL,
  `origin` longtext,
  PRIMARY KEY (`id`),
  KEY `data_vocabulary_name` (`name`)
) ENGINE=InnoDB DEFAULT CHARSET=utf8;
/*!40101 SET character_set_client = @saved_cs_client */;

--
-- Dumping data for table `data_vocabulary`
--

LOCK TABLES `data_vocabulary` WRITE;
/*!40000 ALTER TABLE `data_vocabulary` DISABLE KEYS */;
/*!40000 ALTER TABLE `data_vocabulary` ENABLE KEYS */;
UNLOCK TABLES;

--
-- Table structure for table `data_vocabularyterm`
--

DROP TABLE IF EXISTS `data_vocabularyterm`;
/*!40101 SET @saved_cs_client     = @@character_set_client */;
/*!40101 SET character_set_client = utf8 */;
CREATE TABLE `data_vocabularyterm` (
  `id` int(11) NOT NULL AUTO_INCREMENT,
  `vocabulary_id` int(11) NOT NULL,
  `term` longtext NOT NULL,
  PRIMARY KEY (`id`),
  KEY `data_vocabularyterm_vocabulary_id` (`vocabulary_id`)
) ENGINE=InnoDB DEFAULT CHARSET=utf8;
/*!40101 SET character_set_client = @saved_cs_client */;

--
-- Dumping data for table `data_vocabularyterm`
--

LOCK TABLES `data_vocabularyterm` WRITE;
/*!40000 ALTER TABLE `data_vocabularyterm` DISABLE KEYS */;
/*!40000 ALTER TABLE `data_vocabularyterm` ENABLE KEYS */;
UNLOCK TABLES;

--
-- Table structure for table `django_admin_log`
--

DROP TABLE IF EXISTS `django_admin_log`;
/*!40101 SET @saved_cs_client     = @@character_set_client */;
/*!40101 SET character_set_client = utf8 */;
CREATE TABLE `django_admin_log` (
  `id` int(11) NOT NULL AUTO_INCREMENT,
  `action_time` datetime NOT NULL,
  `user_id` int(11) NOT NULL,
  `content_type_id` int(11) DEFAULT NULL,
  `object_id` longtext,
  `object_repr` varchar(200) NOT NULL,
  `action_flag` smallint(5) unsigned NOT NULL,
  `change_message` longtext NOT NULL,
  PRIMARY KEY (`id`),
  KEY `django_admin_log_user_id` (`user_id`),
  KEY `django_admin_log_content_type_id` (`content_type_id`)
) ENGINE=InnoDB DEFAULT CHARSET=utf8;
/*!40101 SET character_set_client = @saved_cs_client */;

--
-- Dumping data for table `django_admin_log`
--

LOCK TABLES `django_admin_log` WRITE;
/*!40000 ALTER TABLE `django_admin_log` DISABLE KEYS */;
/*!40000 ALTER TABLE `django_admin_log` ENABLE KEYS */;
UNLOCK TABLES;

--
-- Table structure for table `django_celery_results_taskresult`
--

DROP TABLE IF EXISTS `django_celery_results_taskresult`;
/*!40101 SET @saved_cs_client     = @@character_set_client */;
/*!40101 SET character_set_client = utf8 */;
CREATE TABLE `django_celery_results_taskresult` (
  `id` int(11) NOT NULL AUTO_INCREMENT,
  `task_id` varchar(255) NOT NULL,
  `status` varchar(50) NOT NULL,
  `content_type` varchar(128) NOT NULL,
  `content_encoding` varchar(64) NOT NULL,
  `result` longtext,
  `date_done` datetime(6) NOT NULL,
  `traceback` longtext,
  `hidden` tinyint(1) NOT NULL,
  `meta` longtext,
  PRIMARY KEY (`id`),
  UNIQUE KEY `task_id` (`task_id`),
  KEY `django_celery_results_taskresult_662f707d` (`hidden`)
) ENGINE=InnoDB AUTO_INCREMENT=19 DEFAULT CHARSET=utf8;
/*!40101 SET character_set_client = @saved_cs_client */;

--
-- Dumping data for table `django_celery_results_taskresult`
--

LOCK TABLES `django_celery_results_taskresult` WRITE;
/*!40000 ALTER TABLE `django_celery_results_taskresult` DISABLE KEYS */;
INSERT INTO `django_celery_results_taskresult` VALUES (3,'7b497b46-47a9-4c59-895a-a2a10cca7526','SUCCESS','application/json','utf-8','null','2018-09-13 01:32:48.947017',NULL,0,'{\"children\": []}'),(5,'0d973352-3f17-467a-a1a3-2e79b98f433d','FAILURE','application/json','utf-8','{\"exc_message\": [1452, \"Cannot add or update a child row: a foreign key constraint fails (`mdid`.`workers_ownedtaskresult`, CONSTRAINT `workers_ownedtaskresul_owner_id_376356a4aae61bc2_fk_auth_user_id` FOREIGN KEY (`owner_id`) REFERENCES `auth_user` (`id`))\"], \"exc_module\": \"django.db.utils\", \"exc_type\": \"IntegrityError\"}','2018-09-13 14:32:38.907764','Traceback (most recent call last):\n  File \"/opt/mdid/venv/local/lib/python2.7/site-packages/celery/app/trace.py\", line 382, in trace_task\n    R = retval = fun(*args, **kwargs)\n  File \"/opt/mdid/venv/local/lib/python2.7/site-packages/celery/app/trace.py\", line 641, in __protected_call__\n    return self.run(*args, **kwargs)\n  File \"/opt/mdid/rooibos/rooibos/celeryapp.py\", line 62, in wrapped\n    date_done=None,\n  File \"/opt/mdid/venv/local/lib/python2.7/site-packages/django/db/models/manager.py\", line 127, in manager_method\n    return getattr(self.get_queryset(), name)(*args, **kwargs)\n  File \"/opt/mdid/venv/local/lib/python2.7/site-packages/django/db/models/query.py\", line 407, in get_or_create\n    return self._create_object_from_params(lookup, params)\n  File \"/opt/mdid/venv/local/lib/python2.7/site-packages/django/db/models/query.py\", line 447, in _create_object_from_params\n    six.reraise(*exc_info)\n  File \"/opt/mdid/venv/local/lib/python2.7/site-packages/django/db/models/query.py\", line 439, in _create_object_from_params\n    obj = self.create(**params)\n  File \"/opt/mdid/venv/local/lib/python2.7/site-packages/django/db/models/query.py\", line 348, in create\n    obj.save(force_insert=True, using=self.db)\n  File \"/opt/mdid/venv/local/lib/python2.7/site-packages/django/db/models/base.py\", line 734, in save\n    force_update=force_update, update_fields=update_fields)\n  File \"/opt/mdid/venv/local/lib/python2.7/site-packages/django/db/models/base.py\", line 762, in save_base\n    updated = self._save_table(raw, cls, force_insert, force_update, using, update_fields)\n  File \"/opt/mdid/venv/local/lib/python2.7/site-packages/django/db/models/base.py\", line 846, in _save_table\n    result = self._do_insert(cls._base_manager, using, fields, update_pk, raw)\n  File \"/opt/mdid/venv/local/lib/python2.7/site-packages/django/db/models/base.py\", line 885, in _do_insert\n    using=using, raw=raw)\n  File \"/opt/mdid/venv/local/lib/python2.7/site-packages/django/db/models/manager.py\", line 127, in manager_method\n    return getattr(self.get_queryset(), name)(*args, **kwargs)\n  File \"/opt/mdid/venv/local/lib/python2.7/site-packages/django/db/models/query.py\", line 920, in _insert\n    return query.get_compiler(using=using).execute_sql(return_id)\n  File \"/opt/mdid/venv/local/lib/python2.7/site-packages/django/db/models/sql/compiler.py\", line 974, in execute_sql\n    cursor.execute(sql, params)\n  File \"/opt/mdid/venv/local/lib/python2.7/site-packages/django/db/backends/utils.py\", line 79, in execute\n    return super(CursorDebugWrapper, self).execute(sql, params)\n  File \"/opt/mdid/venv/local/lib/python2.7/site-packages/django/db/backends/utils.py\", line 64, in execute\n    return self.cursor.execute(sql, params)\n  File \"/opt/mdid/venv/local/lib/python2.7/site-packages/django/db/utils.py\", line 98, in __exit__\n    six.reraise(dj_exc_type, dj_exc_value, traceback)\n  File \"/opt/mdid/venv/local/lib/python2.7/site-packages/django/db/backends/utils.py\", line 64, in execute\n    return self.cursor.execute(sql, params)\n  File \"/opt/mdid/venv/local/lib/python2.7/site-packages/django/db/backends/mysql/base.py\", line 124, in execute\n    return self.cursor.execute(query, args)\n  File \"/opt/mdid/venv/local/lib/python2.7/site-packages/MySQLdb/cursors.py\", line 205, in execute\n    self.errorhandler(self, exc, value)\n  File \"/opt/mdid/venv/local/lib/python2.7/site-packages/MySQLdb/connections.py\", line 36, in defaulterrorhandler\n    raise errorclass, errorvalue\nIntegrityError: (1452, \'Cannot add or update a child row: a foreign key constraint fails (`mdid`.`workers_ownedtaskresult`, CONSTRAINT `workers_ownedtaskresul_owner_id_376356a4aae61bc2_fk_auth_user_id` FOREIGN KEY (`owner_id`) REFERENCES `auth_user` (`id`))\')\n',0,'{\"children\": []}'),(7,'7ef33f5e-3e8d-4054-add7-9897169a69a4','FAILURE','application/json','utf-8','{\"exc_message\": [1452, \"Cannot add or update a child row: a foreign key constraint fails (`mdid`.`workers_ownedtaskresult`, CONSTRAINT `workers_ownedtaskresul_owner_id_376356a4aae61bc2_fk_auth_user_id` FOREIGN KEY (`owner_id`) REFERENCES `auth_user` (`id`))\"], \"exc_module\": \"django.db.utils\", \"exc_type\": \"IntegrityError\"}','2018-09-13 14:33:28.259858','Traceback (most recent call last):\n  File \"/opt/mdid/venv/local/lib/python2.7/site-packages/celery/app/trace.py\", line 382, in trace_task\n    R = retval = fun(*args, **kwargs)\n  File \"/opt/mdid/venv/local/lib/python2.7/site-packages/celery/app/trace.py\", line 641, in __protected_call__\n    return self.run(*args, **kwargs)\n  File \"/opt/mdid/rooibos/rooibos/celeryapp.py\", line 62, in wrapped\n    date_done=None,\n  File \"/opt/mdid/venv/local/lib/python2.7/site-packages/django/db/models/manager.py\", line 127, in manager_method\n    return getattr(self.get_queryset(), name)(*args, **kwargs)\n  File \"/opt/mdid/venv/local/lib/python2.7/site-packages/django/db/models/query.py\", line 407, in get_or_create\n    return self._create_object_from_params(lookup, params)\n  File \"/opt/mdid/venv/local/lib/python2.7/site-packages/django/db/models/query.py\", line 447, in _create_object_from_params\n    six.reraise(*exc_info)\n  File \"/opt/mdid/venv/local/lib/python2.7/site-packages/django/db/models/query.py\", line 439, in _create_object_from_params\n    obj = self.create(**params)\n  File \"/opt/mdid/venv/local/lib/python2.7/site-packages/django/db/models/query.py\", line 348, in create\n    obj.save(force_insert=True, using=self.db)\n  File \"/opt/mdid/venv/local/lib/python2.7/site-packages/django/db/models/base.py\", line 734, in save\n    force_update=force_update, update_fields=update_fields)\n  File \"/opt/mdid/venv/local/lib/python2.7/site-packages/django/db/models/base.py\", line 762, in save_base\n    updated = self._save_table(raw, cls, force_insert, force_update, using, update_fields)\n  File \"/opt/mdid/venv/local/lib/python2.7/site-packages/django/db/models/base.py\", line 846, in _save_table\n    result = self._do_insert(cls._base_manager, using, fields, update_pk, raw)\n  File \"/opt/mdid/venv/local/lib/python2.7/site-packages/django/db/models/base.py\", line 885, in _do_insert\n    using=using, raw=raw)\n  File \"/opt/mdid/venv/local/lib/python2.7/site-packages/django/db/models/manager.py\", line 127, in manager_method\n    return getattr(self.get_queryset(), name)(*args, **kwargs)\n  File \"/opt/mdid/venv/local/lib/python2.7/site-packages/django/db/models/query.py\", line 920, in _insert\n    return query.get_compiler(using=using).execute_sql(return_id)\n  File \"/opt/mdid/venv/local/lib/python2.7/site-packages/django/db/models/sql/compiler.py\", line 974, in execute_sql\n    cursor.execute(sql, params)\n  File \"/opt/mdid/venv/local/lib/python2.7/site-packages/django/db/backends/utils.py\", line 79, in execute\n    return super(CursorDebugWrapper, self).execute(sql, params)\n  File \"/opt/mdid/venv/local/lib/python2.7/site-packages/django/db/backends/utils.py\", line 64, in execute\n    return self.cursor.execute(sql, params)\n  File \"/opt/mdid/venv/local/lib/python2.7/site-packages/django/db/utils.py\", line 98, in __exit__\n    six.reraise(dj_exc_type, dj_exc_value, traceback)\n  File \"/opt/mdid/venv/local/lib/python2.7/site-packages/django/db/backends/utils.py\", line 64, in execute\n    return self.cursor.execute(sql, params)\n  File \"/opt/mdid/venv/local/lib/python2.7/site-packages/django/db/backends/mysql/base.py\", line 124, in execute\n    return self.cursor.execute(query, args)\n  File \"/opt/mdid/venv/local/lib/python2.7/site-packages/MySQLdb/cursors.py\", line 205, in execute\n    self.errorhandler(self, exc, value)\n  File \"/opt/mdid/venv/local/lib/python2.7/site-packages/MySQLdb/connections.py\", line 36, in defaulterrorhandler\n    raise errorclass, errorvalue\nIntegrityError: (1452, \'Cannot add or update a child row: a foreign key constraint fails (`mdid`.`workers_ownedtaskresult`, CONSTRAINT `workers_ownedtaskresul_owner_id_376356a4aae61bc2_fk_auth_user_id` FOREIGN KEY (`owner_id`) REFERENCES `auth_user` (`id`))\')\n',0,'{\"children\": []}'),(9,'8b6975c4-ffb6-4c55-8ff8-94bb946b4454','FAILURE','application/json','utf-8','{\"exc_message\": [1452, \"Cannot add or update a child row: a foreign key constraint fails (`mdid`.`workers_ownedtaskresult`, CONSTRAINT `workers_ownedtaskresul_owner_id_376356a4aae61bc2_fk_auth_user_id` FOREIGN KEY (`owner_id`) REFERENCES `auth_user` (`id`))\"], \"exc_module\": \"django.db.utils\", \"exc_type\": \"IntegrityError\"}','2018-09-13 14:33:38.511452','Traceback (most recent call last):\n  File \"/opt/mdid/venv/local/lib/python2.7/site-packages/celery/app/trace.py\", line 382, in trace_task\n    R = retval = fun(*args, **kwargs)\n  File \"/opt/mdid/venv/local/lib/python2.7/site-packages/celery/app/trace.py\", line 641, in __protected_call__\n    return self.run(*args, **kwargs)\n  File \"/opt/mdid/rooibos/rooibos/celeryapp.py\", line 62, in wrapped\n    date_done=None,\n  File \"/opt/mdid/venv/local/lib/python2.7/site-packages/django/db/models/manager.py\", line 127, in manager_method\n    return getattr(self.get_queryset(), name)(*args, **kwargs)\n  File \"/opt/mdid/venv/local/lib/python2.7/site-packages/django/db/models/query.py\", line 407, in get_or_create\n    return self._create_object_from_params(lookup, params)\n  File \"/opt/mdid/venv/local/lib/python2.7/site-packages/django/db/models/query.py\", line 447, in _create_object_from_params\n    six.reraise(*exc_info)\n  File \"/opt/mdid/venv/local/lib/python2.7/site-packages/django/db/models/query.py\", line 439, in _create_object_from_params\n    obj = self.create(**params)\n  File \"/opt/mdid/venv/local/lib/python2.7/site-packages/django/db/models/query.py\", line 348, in create\n    obj.save(force_insert=True, using=self.db)\n  File \"/opt/mdid/venv/local/lib/python2.7/site-packages/django/db/models/base.py\", line 734, in save\n    force_update=force_update, update_fields=update_fields)\n  File \"/opt/mdid/venv/local/lib/python2.7/site-packages/django/db/models/base.py\", line 762, in save_base\n    updated = self._save_table(raw, cls, force_insert, force_update, using, update_fields)\n  File \"/opt/mdid/venv/local/lib/python2.7/site-packages/django/db/models/base.py\", line 846, in _save_table\n    result = self._do_insert(cls._base_manager, using, fields, update_pk, raw)\n  File \"/opt/mdid/venv/local/lib/python2.7/site-packages/django/db/models/base.py\", line 885, in _do_insert\n    using=using, raw=raw)\n  File \"/opt/mdid/venv/local/lib/python2.7/site-packages/django/db/models/manager.py\", line 127, in manager_method\n    return getattr(self.get_queryset(), name)(*args, **kwargs)\n  File \"/opt/mdid/venv/local/lib/python2.7/site-packages/django/db/models/query.py\", line 920, in _insert\n    return query.get_compiler(using=using).execute_sql(return_id)\n  File \"/opt/mdid/venv/local/lib/python2.7/site-packages/django/db/models/sql/compiler.py\", line 974, in execute_sql\n    cursor.execute(sql, params)\n  File \"/opt/mdid/venv/local/lib/python2.7/site-packages/django/db/backends/utils.py\", line 79, in execute\n    return super(CursorDebugWrapper, self).execute(sql, params)\n  File \"/opt/mdid/venv/local/lib/python2.7/site-packages/django/db/backends/utils.py\", line 64, in execute\n    return self.cursor.execute(sql, params)\n  File \"/opt/mdid/venv/local/lib/python2.7/site-packages/django/db/utils.py\", line 98, in __exit__\n    six.reraise(dj_exc_type, dj_exc_value, traceback)\n  File \"/opt/mdid/venv/local/lib/python2.7/site-packages/django/db/backends/utils.py\", line 64, in execute\n    return self.cursor.execute(sql, params)\n  File \"/opt/mdid/venv/local/lib/python2.7/site-packages/django/db/backends/mysql/base.py\", line 124, in execute\n    return self.cursor.execute(query, args)\n  File \"/opt/mdid/venv/local/lib/python2.7/site-packages/MySQLdb/cursors.py\", line 205, in execute\n    self.errorhandler(self, exc, value)\n  File \"/opt/mdid/venv/local/lib/python2.7/site-packages/MySQLdb/connections.py\", line 36, in defaulterrorhandler\n    raise errorclass, errorvalue\nIntegrityError: (1452, \'Cannot add or update a child row: a foreign key constraint fails (`mdid`.`workers_ownedtaskresult`, CONSTRAINT `workers_ownedtaskresul_owner_id_376356a4aae61bc2_fk_auth_user_id` FOREIGN KEY (`owner_id`) REFERENCES `auth_user` (`id`))\')\n',0,'{\"children\": []}'),(11,'93f6aaee-9e9a-4166-b824-61c000701a52','FAILURE','application/json','utf-8','{\"exc_message\": [1452, \"Cannot add or update a child row: a foreign key constraint fails (`mdid`.`workers_ownedtaskresult`, CONSTRAINT `workers_ownedtaskresul_owner_id_376356a4aae61bc2_fk_auth_user_id` FOREIGN KEY (`owner_id`) REFERENCES `auth_user` (`id`))\"], \"exc_module\": \"django.db.utils\", \"exc_type\": \"IntegrityError\"}','2018-09-13 14:34:29.003339','Traceback (most recent call last):\n  File \"/opt/mdid/venv/local/lib/python2.7/site-packages/celery/app/trace.py\", line 382, in trace_task\n    R = retval = fun(*args, **kwargs)\n  File \"/opt/mdid/venv/local/lib/python2.7/site-packages/celery/app/trace.py\", line 641, in __protected_call__\n    return self.run(*args, **kwargs)\n  File \"/opt/mdid/rooibos/rooibos/celeryapp.py\", line 62, in wrapped\n    date_done=None,\n  File \"/opt/mdid/venv/local/lib/python2.7/site-packages/django/db/models/manager.py\", line 127, in manager_method\n    return getattr(self.get_queryset(), name)(*args, **kwargs)\n  File \"/opt/mdid/venv/local/lib/python2.7/site-packages/django/db/models/query.py\", line 407, in get_or_create\n    return self._create_object_from_params(lookup, params)\n  File \"/opt/mdid/venv/local/lib/python2.7/site-packages/django/db/models/query.py\", line 447, in _create_object_from_params\n    six.reraise(*exc_info)\n  File \"/opt/mdid/venv/local/lib/python2.7/site-packages/django/db/models/query.py\", line 439, in _create_object_from_params\n    obj = self.create(**params)\n  File \"/opt/mdid/venv/local/lib/python2.7/site-packages/django/db/models/query.py\", line 348, in create\n    obj.save(force_insert=True, using=self.db)\n  File \"/opt/mdid/venv/local/lib/python2.7/site-packages/django/db/models/base.py\", line 734, in save\n    force_update=force_update, update_fields=update_fields)\n  File \"/opt/mdid/venv/local/lib/python2.7/site-packages/django/db/models/base.py\", line 762, in save_base\n    updated = self._save_table(raw, cls, force_insert, force_update, using, update_fields)\n  File \"/opt/mdid/venv/local/lib/python2.7/site-packages/django/db/models/base.py\", line 846, in _save_table\n    result = self._do_insert(cls._base_manager, using, fields, update_pk, raw)\n  File \"/opt/mdid/venv/local/lib/python2.7/site-packages/django/db/models/base.py\", line 885, in _do_insert\n    using=using, raw=raw)\n  File \"/opt/mdid/venv/local/lib/python2.7/site-packages/django/db/models/manager.py\", line 127, in manager_method\n    return getattr(self.get_queryset(), name)(*args, **kwargs)\n  File \"/opt/mdid/venv/local/lib/python2.7/site-packages/django/db/models/query.py\", line 920, in _insert\n    return query.get_compiler(using=using).execute_sql(return_id)\n  File \"/opt/mdid/venv/local/lib/python2.7/site-packages/django/db/models/sql/compiler.py\", line 974, in execute_sql\n    cursor.execute(sql, params)\n  File \"/opt/mdid/venv/local/lib/python2.7/site-packages/django/db/backends/utils.py\", line 79, in execute\n    return super(CursorDebugWrapper, self).execute(sql, params)\n  File \"/opt/mdid/venv/local/lib/python2.7/site-packages/django/db/backends/utils.py\", line 64, in execute\n    return self.cursor.execute(sql, params)\n  File \"/opt/mdid/venv/local/lib/python2.7/site-packages/django/db/utils.py\", line 98, in __exit__\n    six.reraise(dj_exc_type, dj_exc_value, traceback)\n  File \"/opt/mdid/venv/local/lib/python2.7/site-packages/django/db/backends/utils.py\", line 64, in execute\n    return self.cursor.execute(sql, params)\n  File \"/opt/mdid/venv/local/lib/python2.7/site-packages/django/db/backends/mysql/base.py\", line 124, in execute\n    return self.cursor.execute(query, args)\n  File \"/opt/mdid/venv/local/lib/python2.7/site-packages/MySQLdb/cursors.py\", line 205, in execute\n    self.errorhandler(self, exc, value)\n  File \"/opt/mdid/venv/local/lib/python2.7/site-packages/MySQLdb/connections.py\", line 36, in defaulterrorhandler\n    raise errorclass, errorvalue\nIntegrityError: (1452, \'Cannot add or update a child row: a foreign key constraint fails (`mdid`.`workers_ownedtaskresult`, CONSTRAINT `workers_ownedtaskresul_owner_id_376356a4aae61bc2_fk_auth_user_id` FOREIGN KEY (`owner_id`) REFERENCES `auth_user` (`id`))\')\n',0,'{\"children\": []}'),(13,'74063214-39cd-4a4b-94c3-48fd1f153cce','FAILURE','application/json','utf-8','{\"exc_message\": [1452, \"Cannot add or update a child row: a foreign key constraint fails (`mdid`.`workers_ownedtaskresult`, CONSTRAINT `workers_ownedtaskresul_owner_id_376356a4aae61bc2_fk_auth_user_id` FOREIGN KEY (`owner_id`) REFERENCES `auth_user` (`id`))\"], \"exc_module\": \"django.db.utils\", \"exc_type\": \"IntegrityError\"}','2018-09-13 14:36:13.601792','Traceback (most recent call last):\n  File \"/opt/mdid/venv/local/lib/python2.7/site-packages/celery/app/trace.py\", line 382, in trace_task\n    R = retval = fun(*args, **kwargs)\n  File \"/opt/mdid/venv/local/lib/python2.7/site-packages/celery/app/trace.py\", line 641, in __protected_call__\n    return self.run(*args, **kwargs)\n  File \"/opt/mdid/rooibos/rooibos/celeryapp.py\", line 62, in wrapped\n    date_done=None,\n  File \"/opt/mdid/venv/local/lib/python2.7/site-packages/django/db/models/manager.py\", line 127, in manager_method\n    return getattr(self.get_queryset(), name)(*args, **kwargs)\n  File \"/opt/mdid/venv/local/lib/python2.7/site-packages/django/db/models/query.py\", line 407, in get_or_create\n    return self._create_object_from_params(lookup, params)\n  File \"/opt/mdid/venv/local/lib/python2.7/site-packages/django/db/models/query.py\", line 447, in _create_object_from_params\n    six.reraise(*exc_info)\n  File \"/opt/mdid/venv/local/lib/python2.7/site-packages/django/db/models/query.py\", line 439, in _create_object_from_params\n    obj = self.create(**params)\n  File \"/opt/mdid/venv/local/lib/python2.7/site-packages/django/db/models/query.py\", line 348, in create\n    obj.save(force_insert=True, using=self.db)\n  File \"/opt/mdid/venv/local/lib/python2.7/site-packages/django/db/models/base.py\", line 734, in save\n    force_update=force_update, update_fields=update_fields)\n  File \"/opt/mdid/venv/local/lib/python2.7/site-packages/django/db/models/base.py\", line 762, in save_base\n    updated = self._save_table(raw, cls, force_insert, force_update, using, update_fields)\n  File \"/opt/mdid/venv/local/lib/python2.7/site-packages/django/db/models/base.py\", line 846, in _save_table\n    result = self._do_insert(cls._base_manager, using, fields, update_pk, raw)\n  File \"/opt/mdid/venv/local/lib/python2.7/site-packages/django/db/models/base.py\", line 885, in _do_insert\n    using=using, raw=raw)\n  File \"/opt/mdid/venv/local/lib/python2.7/site-packages/django/db/models/manager.py\", line 127, in manager_method\n    return getattr(self.get_queryset(), name)(*args, **kwargs)\n  File \"/opt/mdid/venv/local/lib/python2.7/site-packages/django/db/models/query.py\", line 920, in _insert\n    return query.get_compiler(using=using).execute_sql(return_id)\n  File \"/opt/mdid/venv/local/lib/python2.7/site-packages/django/db/models/sql/compiler.py\", line 974, in execute_sql\n    cursor.execute(sql, params)\n  File \"/opt/mdid/venv/local/lib/python2.7/site-packages/django/db/backends/utils.py\", line 79, in execute\n    return super(CursorDebugWrapper, self).execute(sql, params)\n  File \"/opt/mdid/venv/local/lib/python2.7/site-packages/django/db/backends/utils.py\", line 64, in execute\n    return self.cursor.execute(sql, params)\n  File \"/opt/mdid/venv/local/lib/python2.7/site-packages/django/db/utils.py\", line 98, in __exit__\n    six.reraise(dj_exc_type, dj_exc_value, traceback)\n  File \"/opt/mdid/venv/local/lib/python2.7/site-packages/django/db/backends/utils.py\", line 64, in execute\n    return self.cursor.execute(sql, params)\n  File \"/opt/mdid/venv/local/lib/python2.7/site-packages/django/db/backends/mysql/base.py\", line 124, in execute\n    return self.cursor.execute(query, args)\n  File \"/opt/mdid/venv/local/lib/python2.7/site-packages/MySQLdb/cursors.py\", line 205, in execute\n    self.errorhandler(self, exc, value)\n  File \"/opt/mdid/venv/local/lib/python2.7/site-packages/MySQLdb/connections.py\", line 36, in defaulterrorhandler\n    raise errorclass, errorvalue\nIntegrityError: (1452, \'Cannot add or update a child row: a foreign key constraint fails (`mdid`.`workers_ownedtaskresult`, CONSTRAINT `workers_ownedtaskresul_owner_id_376356a4aae61bc2_fk_auth_user_id` FOREIGN KEY (`owner_id`) REFERENCES `auth_user` (`id`))\')\n',0,'{\"children\": []}'),(14,'8d236c05-f649-4f43-b38e-6d861bb60886','SUCCESS','application/json','utf-8','{\"attachment\": \"/opt/mdid/scratch/job-attachment/testjob-8d236c05-f649-4f43-b38e-6d861bb60886.txt\"}','2018-09-13 14:51:16.488852',NULL,0,'{\"children\": []}'),(15,'e9454890-6570-4972-bb8a-7d244788331b','FAILURE','application/json','utf-8','{\"exc_message\": [\"storage_match_up_media() got an unexpected keyword argument \'storage\'\"], \"exc_module\": \"exceptions\", \"exc_type\": \"TypeError\"}','2018-09-13 14:51:14.703034','Traceback (most recent call last):\n  File \"/opt/mdid/venv/local/lib/python2.7/site-packages/celery/app/trace.py\", line 382, in trace_task\n    R = retval = fun(*args, **kwargs)\n  File \"/opt/mdid/venv/local/lib/python2.7/site-packages/celery/app/trace.py\", line 641, in __protected_call__\n    return self.run(*args, **kwargs)\n  File \"/opt/mdid/rooibos/rooibos/celeryapp.py\", line 67, in wrapped\n    result = func(self, *args, **kwargs)\nTypeError: storage_match_up_media() got an unexpected keyword argument \'storage\'\n',0,'{\"children\": []}'),(16,'cef74bf4-a9d9-4fcf-bc87-0f9f5acc83eb','FAILURE','application/json','utf-8','{\"exc_message\": [\"storage_match_up_media() got an unexpected keyword argument \'storage\'\"], \"exc_module\": \"exceptions\", \"exc_type\": \"TypeError\"}','2018-09-13 14:51:54.657067','Traceback (most recent call last):\n  File \"/opt/mdid/venv/local/lib/python2.7/site-packages/celery/app/trace.py\", line 382, in trace_task\n    R = retval = fun(*args, **kwargs)\n  File \"/opt/mdid/venv/local/lib/python2.7/site-packages/celery/app/trace.py\", line 641, in __protected_call__\n    return self.run(*args, **kwargs)\n  File \"/opt/mdid/rooibos/rooibos/celeryapp.py\", line 67, in wrapped\n    result = func(self, *args, **kwargs)\nTypeError: storage_match_up_media() got an unexpected keyword argument \'storage\'\n',0,'{\"children\": []}'),(17,'ba0f7ea4-a1b6-4441-85a4-2a9e2e14088d','SUCCESS','application/json','utf-8','{\"count\": 50, \"allow_multiple_use\": false, \"storage\": 1, \"collection\": 1, \"created\": [{\"mimetype\": \"image/jpeg\", \"record\": 37, \"id\": \"psp0109\", \"file\": \"psp0109.jpg\"}, {\"mimetype\": \"image/jpeg\", \"record\": 18, \"id\": \"dva0009\", \"file\": \"dva0009.jpg\"}, {\"mimetype\": \"image/jpeg\", \"record\": 11, \"id\": \"arc7688\", \"file\": \"arc7688.jpg\"}, {\"mimetype\": \"image/jpeg\", \"record\": 2, \"id\": \"afr3131a\", \"file\": \"afr3131a.jpg\"}, {\"mimetype\": \"image/jpeg\", \"record\": 31, \"id\": \"lif2330\", \"file\": \"lif2330.jpg\"}, {\"mimetype\": \"image/jpeg\", \"record\": 32, \"id\": \"lif2335\", \"file\": \"lif2335.jpg\"}, {\"mimetype\": \"image/jpeg\", \"record\": 36, \"id\": \"nsf0093\", \"file\": \"nsf0093.jpg\"}, {\"mimetype\": \"image/jpeg\", \"record\": 34, \"id\": \"ltw0001\", \"file\": \"ltw0001.jpg\"}, {\"mimetype\": \"image/jpeg\", \"record\": 8, \"id\": \"arc5364\", \"file\": \"arc5364.jpg\"}, {\"mimetype\": \"image/jpeg\", \"record\": 13, \"id\": \"arc8729\", \"file\": \"arc8729.jpg\"}, {\"mimetype\": \"image/jpeg\", \"record\": 29, \"id\": \"jta0216\", \"file\": \"jta0216.jpg\"}, {\"mimetype\": \"image/jpeg\", \"record\": 40, \"id\": \"sfr0485\", \"file\": \"sfr0485.jpg\"}, {\"mimetype\": \"image/jpeg\", \"record\": 25, \"id\": \"dva1765\", \"file\": \"dva1765.jpg\"}, {\"mimetype\": \"image/jpeg\", \"record\": 7, \"id\": \"arc5262\", \"file\": \"arc5262.jpg\"}, {\"mimetype\": \"image/jpeg\", \"record\": 15, \"id\": \"das0201\", \"file\": \"das0201.jpg\"}, {\"mimetype\": \"image/jpeg\", \"record\": 30, \"id\": \"lff1113\", \"file\": \"lff1113.jpg\"}, {\"mimetype\": \"image/jpeg\", \"record\": 24, \"id\": \"dva1621\", \"file\": \"dva1621.jpg\"}, {\"mimetype\": \"image/jpeg\", \"record\": 19, \"id\": \"dva0016\", \"file\": \"dva0016.jpg\"}, {\"mimetype\": \"image/jpeg\", \"record\": 1, \"id\": \"afr1236\", \"file\": \"afr1236.jpg\"}, {\"mimetype\": \"image/jpeg\", \"record\": 42, \"id\": \"xir034107\", \"file\": \"xir034107.jpg\"}, {\"mimetype\": \"image/jpeg\", \"record\": 21, \"id\": \"dva0104\", \"file\": \"dva0104.jpg\"}, {\"mimetype\": \"image/jpeg\", \"record\": 12, \"id\": \"arc8682\", \"file\": \"arc8682.jpg\"}, {\"mimetype\": \"image/jpeg\", \"record\": 50, \"id\": \"xir224971\", \"file\": \"xir224971.jpg\"}, {\"mimetype\": \"image/jpeg\", \"record\": 17, \"id\": \"dva0002\", \"file\": \"dva0002.jpg\"}, {\"mimetype\": \"image/jpeg\", \"record\": 5, \"id\": \"arc1638\", \"file\": \"arc1638.jpg\"}, {\"mimetype\": \"image/jpeg\", \"record\": 44, \"id\": \"xir156161\", \"file\": \"xir156161.jpg\"}, {\"mimetype\": \"image/jpeg\", \"record\": 6, \"id\": \"arc5258\", \"file\": \"arc5258.jpg\"}, {\"mimetype\": \"image/jpeg\", \"record\": 16, \"id\": \"das1788\", \"file\": \"das1788.jpg\"}, {\"mimetype\": \"image/jpeg\", \"record\": 48, \"id\": \"xir192377\", \"file\": \"xir192377.jpg\"}, {\"mimetype\": \"image/jpeg\", \"record\": 46, \"id\": \"xir163472\", \"file\": \"xir163472.jpg\"}, {\"mimetype\": \"image/jpeg\", \"record\": 43, \"id\": \"xir058599\", \"file\": \"xir058599.jpg\"}, {\"mimetype\": \"image/jpeg\", \"record\": 35, \"id\": \"mia2010\", \"file\": \"mia2010.jpg\"}, {\"mimetype\": \"image/jpeg\", \"record\": 3, \"id\": \"age0124\", \"file\": \"age0124.jpg\"}, {\"mimetype\": \"image/jpeg\", \"record\": 23, \"id\": \"dva1535\", \"file\": \"dva1535.jpg\"}, {\"mimetype\": \"image/jpeg\", \"record\": 26, \"id\": \"dva3479\", \"file\": \"dva3479.jpg\"}, {\"mimetype\": \"image/jpeg\", \"record\": 14, \"id\": \"ard4274\", \"file\": \"ard4274.jpg\"}, {\"mimetype\": \"image/jpeg\", \"record\": 49, \"id\": \"xir208568\", \"file\": \"xir208568.jpg\"}, {\"mimetype\": \"image/jpeg\", \"record\": 38, \"id\": \"seg0023\", \"file\": \"seg0023.jpg\"}, {\"mimetype\": \"image/jpeg\", \"record\": 28, \"id\": \"jic0844\", \"file\": \"jic0844.jpg\"}, {\"mimetype\": \"image/jpeg\", \"record\": 27, \"id\": \"jia2101\", \"file\": \"jia2101.jpg\"}, {\"mimetype\": \"image/jpeg\", \"record\": 33, \"id\": \"lix0004\", \"file\": \"lix0004.jpg\"}, {\"mimetype\": \"image/jpeg\", \"record\": 22, \"id\": \"dva1092\", \"file\": \"dva1092.jpg\"}, {\"mimetype\": \"image/jpeg\", \"record\": 45, \"id\": \"xir162303\", \"file\": \"xir162303.jpg\"}, {\"mimetype\": \"image/jpeg\", \"record\": 10, \"id\": \"arc7078\", \"file\": \"arc7078.jpg\"}, {\"mimetype\": \"image/jpeg\", \"record\": 4, \"id\": \"ait0717\", \"file\": \"ait0717.jpg\"}, {\"mimetype\": \"image/jpeg\", \"record\": 41, \"id\": \"xir032462\", \"file\": \"xir032462.jpg\"}, {\"mimetype\": \"image/jpeg\", \"record\": 47, \"id\": \"xir163473\", \"file\": \"xir163473.jpg\"}, {\"mimetype\": \"image/jpeg\", \"record\": 39, \"id\": \"sfr0427\", \"file\": \"sfr0427.jpg\"}, {\"mimetype\": \"image/jpeg\", \"record\": 9, \"id\": \"arc5425\", \"file\": \"arc5425.jpg\"}, {\"mimetype\": \"image/jpeg\", \"record\": 20, \"id\": \"dva0077\", \"file\": \"dva0077.jpg\"}]}','2018-09-13 14:52:20.319583',NULL,0,'{\"children\": []}'),(18,'33a0fdf1-4d56-4d56-a488-d76a25db150f','SUCCESS','application/json','utf-8','null','2018-09-13 23:00:00.022650',NULL,0,'{\"children\": []}');
/*!40000 ALTER TABLE `django_celery_results_taskresult` ENABLE KEYS */;
UNLOCK TABLES;

--
-- Table structure for table `django_comment_flags`
--

DROP TABLE IF EXISTS `django_comment_flags`;
/*!40101 SET @saved_cs_client     = @@character_set_client */;
/*!40101 SET character_set_client = utf8 */;
CREATE TABLE `django_comment_flags` (
  `id` int(11) NOT NULL AUTO_INCREMENT,
  `user_id` int(11) NOT NULL,
  `comment_id` int(11) NOT NULL,
  `flag` varchar(30) NOT NULL,
  `flag_date` datetime NOT NULL,
  PRIMARY KEY (`id`),
  UNIQUE KEY `user_id` (`user_id`,`comment_id`,`flag`),
  KEY `django_comment_flags_user_id` (`user_id`),
  KEY `django_comment_flags_comment_id` (`comment_id`),
  KEY `django_comment_flags_flag` (`flag`)
) ENGINE=InnoDB DEFAULT CHARSET=utf8;
/*!40101 SET character_set_client = @saved_cs_client */;

--
-- Dumping data for table `django_comment_flags`
--

LOCK TABLES `django_comment_flags` WRITE;
/*!40000 ALTER TABLE `django_comment_flags` DISABLE KEYS */;
/*!40000 ALTER TABLE `django_comment_flags` ENABLE KEYS */;
UNLOCK TABLES;

--
-- Table structure for table `django_comments`
--

DROP TABLE IF EXISTS `django_comments`;
/*!40101 SET @saved_cs_client     = @@character_set_client */;
/*!40101 SET character_set_client = utf8 */;
CREATE TABLE `django_comments` (
  `id` int(11) NOT NULL AUTO_INCREMENT,
  `content_type_id` int(11) NOT NULL,
  `object_pk` longtext NOT NULL,
  `site_id` int(11) NOT NULL,
  `user_id` int(11) DEFAULT NULL,
  `user_name` varchar(50) NOT NULL,
  `user_email` varchar(75) NOT NULL,
  `user_url` varchar(200) NOT NULL,
  `comment` longtext NOT NULL,
  `submit_date` datetime NOT NULL,
  `ip_address` char(15) DEFAULT NULL,
  `is_public` tinyint(1) NOT NULL,
  `is_removed` tinyint(1) NOT NULL,
  PRIMARY KEY (`id`),
  KEY `django_comments_content_type_id` (`content_type_id`),
  KEY `django_comments_site_id` (`site_id`),
  KEY `django_comments_user_id` (`user_id`)
) ENGINE=InnoDB AUTO_INCREMENT=2 DEFAULT CHARSET=utf8;
/*!40101 SET character_set_client = @saved_cs_client */;

--
-- Dumping data for table `django_comments`
--

LOCK TABLES `django_comments` WRITE;
/*!40000 ALTER TABLE `django_comments` DISABLE KEYS */;
INSERT INTO `django_comments` VALUES (1,8,'1',1,2,'Admin','','','Welcome!\r\nAnnouncements go here.','2008-12-11 17:04:22','',1,0);
/*!40000 ALTER TABLE `django_comments` ENABLE KEYS */;
UNLOCK TABLES;

--
-- Table structure for table `django_content_type`
--

DROP TABLE IF EXISTS `django_content_type`;
/*!40101 SET @saved_cs_client     = @@character_set_client */;
/*!40101 SET character_set_client = utf8 */;
CREATE TABLE `django_content_type` (
  `id` int(11) NOT NULL AUTO_INCREMENT,
  `app_label` varchar(100) NOT NULL,
  `model` varchar(100) NOT NULL,
  PRIMARY KEY (`id`),
  UNIQUE KEY `app_label` (`app_label`,`model`)
) ENGINE=InnoDB AUTO_INCREMENT=59 DEFAULT CHARSET=utf8;
/*!40101 SET character_set_client = @saved_cs_client */;

--
-- Dumping data for table `django_content_type`
--

LOCK TABLES `django_content_type` WRITE;
/*!40000 ALTER TABLE `django_content_type` DISABLE KEYS */;
INSERT INTO `django_content_type` VALUES (27,'access','accesscontrol'),(30,'access','attribute'),(31,'access','attributevalue'),(28,'access','extendedgroup'),(29,'access','subnet'),(9,'admin','logentry'),(2,'auth','group'),(4,'auth','message'),(1,'auth','permission'),(3,'auth','user'),(10,'comments','comment'),(11,'comments','commentflag'),(5,'contenttypes','contenttype'),(50,'crass','computer'),(52,'crass','mapping'),(51,'crass','schedule'),(14,'data','collection'),(15,'data','collectionitem'),(24,'data','displayfieldvalue'),(20,'data','field'),(21,'data','fieldset'),(22,'data','fieldsetfield'),(23,'data','fieldvalue'),(17,'data','metadatastandard'),(16,'data','record'),(56,'data','remotemetadata'),(18,'data','vocabulary'),(19,'data','vocabularyterm'),(55,'django_celery_results','taskresult'),(53,'django_comments','comment'),(54,'django_comments','commentflag'),(42,'federatedsearch','hitcount'),(57,'federatedsearch','sharedcollection'),(8,'flatpages','flatpage'),(13,'google_analytics','analytics'),(48,'impersonate','impersonation'),(25,'migration','objecthistory'),(37,'presentation','presentation'),(38,'presentation','presentationitem'),(39,'presentation','presentationiteminfo'),(12,'redirects','redirect'),(6,'sessions','session'),(7,'sites','site'),(32,'solr','solrindexupdates'),(49,'south','migrationhistory'),(41,'statistics','accumulatedactivity'),(40,'statistics','activity'),(34,'storage','media'),(36,'storage','proxyurl'),(33,'storage','storage'),(35,'storage','trustedsubnet'),(43,'tagging','tag'),(44,'tagging','taggeditem'),(46,'userprofile','preference'),(47,'userprofile','userprofile'),(26,'util','ownedwrapper'),(45,'workers','jobinfo'),(58,'workers','ownedtaskresult');
/*!40000 ALTER TABLE `django_content_type` ENABLE KEYS */;
UNLOCK TABLES;

--
-- Table structure for table `django_flatpage`
--

DROP TABLE IF EXISTS `django_flatpage`;
/*!40101 SET @saved_cs_client     = @@character_set_client */;
/*!40101 SET character_set_client = utf8 */;
CREATE TABLE `django_flatpage` (
  `id` int(11) NOT NULL AUTO_INCREMENT,
  `url` varchar(100) NOT NULL,
  `title` varchar(200) NOT NULL,
  `content` longtext NOT NULL,
  `enable_comments` tinyint(1) NOT NULL,
  `template_name` varchar(70) NOT NULL,
  `registration_required` tinyint(1) NOT NULL,
  PRIMARY KEY (`id`),
  KEY `django_flatpage_url` (`url`)
) ENGINE=InnoDB AUTO_INCREMENT=2 DEFAULT CHARSET=utf8;
/*!40101 SET character_set_client = @saved_cs_client */;

--
-- Dumping data for table `django_flatpage`
--

LOCK TABLES `django_flatpage` WRITE;
/*!40000 ALTER TABLE `django_flatpage` DISABLE KEYS */;
INSERT INTO `django_flatpage` VALUES (1,'/about/','About','About this site',0,'',0);
/*!40000 ALTER TABLE `django_flatpage` ENABLE KEYS */;
UNLOCK TABLES;

--
-- Table structure for table `django_flatpage_sites`
--

DROP TABLE IF EXISTS `django_flatpage_sites`;
/*!40101 SET @saved_cs_client     = @@character_set_client */;
/*!40101 SET character_set_client = utf8 */;
CREATE TABLE `django_flatpage_sites` (
  `id` int(11) NOT NULL AUTO_INCREMENT,
  `flatpage_id` int(11) NOT NULL,
  `site_id` int(11) NOT NULL,
  PRIMARY KEY (`id`),
  UNIQUE KEY `flatpage_id` (`flatpage_id`,`site_id`),
  KEY `site_id_refs_id_4e3eeb57` (`site_id`)
) ENGINE=InnoDB AUTO_INCREMENT=2 DEFAULT CHARSET=utf8;
/*!40101 SET character_set_client = @saved_cs_client */;

--
-- Dumping data for table `django_flatpage_sites`
--

LOCK TABLES `django_flatpage_sites` WRITE;
/*!40000 ALTER TABLE `django_flatpage_sites` DISABLE KEYS */;
INSERT INTO `django_flatpage_sites` VALUES (1,1,1);
/*!40000 ALTER TABLE `django_flatpage_sites` ENABLE KEYS */;
UNLOCK TABLES;

--
-- Table structure for table `django_migrations`
--

DROP TABLE IF EXISTS `django_migrations`;
/*!40101 SET @saved_cs_client     = @@character_set_client */;
/*!40101 SET character_set_client = utf8 */;
CREATE TABLE `django_migrations` (
  `id` int(11) NOT NULL AUTO_INCREMENT,
  `app` varchar(255) NOT NULL,
  `name` varchar(255) NOT NULL,
  `applied` datetime(6) NOT NULL,
  PRIMARY KEY (`id`)
) ENGINE=InnoDB AUTO_INCREMENT=37 DEFAULT CHARSET=utf8;
/*!40101 SET character_set_client = @saved_cs_client */;

--
-- Dumping data for table `django_migrations`
--

LOCK TABLES `django_migrations` WRITE;
/*!40000 ALTER TABLE `django_migrations` DISABLE KEYS */;
INSERT INTO `django_migrations` VALUES (1,'contenttypes','0001_initial','2018-09-10 12:28:07.087874'),(2,'auth','0001_initial','2018-09-10 12:28:08.852914'),(3,'access','0001_initial','2018-09-10 12:28:11.376627'),(4,'admin','0001_initial','2018-09-10 12:28:11.932219'),(5,'contenttypes','0002_remove_content_type_name','2018-09-10 12:28:12.267942'),(6,'auth','0002_alter_permission_name_max_length','2018-09-10 12:28:12.468529'),(7,'auth','0003_alter_user_email_max_length','2018-09-10 12:28:12.713285'),(8,'auth','0004_alter_user_username_opts','2018-09-10 12:28:12.746945'),(9,'auth','0005_alter_user_last_login_null','2018-09-10 12:28:12.882734'),(10,'auth','0006_require_contenttypes_0002','2018-09-10 12:28:12.890795'),(11,'data','0001_initial','2018-09-10 12:28:20.676793'),(12,'data','0002_auto_20171028_0959','2018-09-10 12:28:20.845599'),(18,'django_celery_results','0001_initial','2018-09-10 12:28:22.293737'),(19,'sites','0001_initial','2018-09-10 12:28:22.374986'),(20,'django_comments','0001_initial','2018-09-10 12:28:23.716534'),(21,'django_comments','0002_update_user_email_field_length','2018-09-10 12:28:23.973318'),(22,'django_comments','0003_add_submit_date_index','2018-09-10 12:28:24.090945'),(23,'flatpages','0001_initial','2018-09-10 12:28:24.739193'),(24,'redirects','0001_initial','2018-09-10 12:28:25.102264'),(25,'sessions','0001_initial','2018-09-10 12:28:25.231939'),(26,'tagging','0001_initial','2018-09-10 12:28:26.003184'),(27,'tagging','0002_on_delete','2018-09-10 12:28:26.840085'),(28,'tagging','0003_adapt_max_tag_length','2018-09-10 12:28:26.920859'),(30,'data','0003_auto_20171116_0347','2018-09-13 14:18:49.860559'),(31,'data','0004_add_browse_value_index','2018-09-13 14:18:49.915729'),(32,'data','0005_set_browse_values','2018-09-13 14:18:49.974147'),(33,'data','0006_auto_20171121_0410','2018-09-13 14:18:50.041246'),(34,'data','0007_remotemetadata','2018-09-13 14:19:05.054596'),(35,'data','0008_auto_20180913_1445','2018-09-13 14:45:52.029130'),(36,'workers','0001_initial','2018-09-13 14:50:57.028899');
/*!40000 ALTER TABLE `django_migrations` ENABLE KEYS */;
UNLOCK TABLES;

--
-- Table structure for table `django_redirect`
--

DROP TABLE IF EXISTS `django_redirect`;
/*!40101 SET @saved_cs_client     = @@character_set_client */;
/*!40101 SET character_set_client = utf8 */;
CREATE TABLE `django_redirect` (
  `id` int(11) NOT NULL AUTO_INCREMENT,
  `site_id` int(11) NOT NULL,
  `old_path` varchar(200) NOT NULL,
  `new_path` varchar(200) NOT NULL,
  PRIMARY KEY (`id`),
  UNIQUE KEY `site_id` (`site_id`,`old_path`),
  KEY `django_redirect_site_id` (`site_id`),
  KEY `django_redirect_old_path` (`old_path`)
) ENGINE=InnoDB DEFAULT CHARSET=utf8;
/*!40101 SET character_set_client = @saved_cs_client */;

--
-- Dumping data for table `django_redirect`
--

LOCK TABLES `django_redirect` WRITE;
/*!40000 ALTER TABLE `django_redirect` DISABLE KEYS */;
/*!40000 ALTER TABLE `django_redirect` ENABLE KEYS */;
UNLOCK TABLES;

--
-- Table structure for table `django_session`
--

DROP TABLE IF EXISTS `django_session`;
/*!40101 SET @saved_cs_client     = @@character_set_client */;
/*!40101 SET character_set_client = utf8 */;
CREATE TABLE `django_session` (
  `session_key` varchar(40) NOT NULL,
  `session_data` longtext NOT NULL,
  `expire_date` datetime NOT NULL,
  PRIMARY KEY (`session_key`)
) ENGINE=InnoDB DEFAULT CHARSET=utf8;
/*!40101 SET character_set_client = @saved_cs_client */;

--
-- Dumping data for table `django_session`
--

LOCK TABLES `django_session` WRITE;
/*!40000 ALTER TABLE `django_session` DISABLE KEYS */;
INSERT INTO `django_session` VALUES ('80348d986d52eb9943d878c26171ab16','gAJ9cQEoVRBzZWxlY3RlZF9yZWNvcmRzcQJjX19idWlsdGluX18Kc2V0CnEDXXEEKEsBSwJLJ0so\nSypLLksvSzBLMUsKZYVScQVVDV9hdXRoX3VzZXJfaWRxBooBAlUSX2F1dGhfdXNlcl9iYWNrZW5k\ncQdVKWRqYW5nby5jb250cmliLmF1dGguYmFja2VuZHMuTW9kZWxCYWNrZW5kcQh1LjQzYzgxN2M1\nNzczNzQ5OTIzMzA4MDc0MmFjMjI5MTUz\n','2010-09-13 20:41:43'),('d3fcyzimoo5kblsk4c9uznu9lf694om8','MjZiNmZkNjE5MjM1MzY3ZTNiMDVjZTk2OTE0NmE2YzA2N2RjYmJmZTp7Il9hdXRoX3VzZXJfaGFzaCI6IjcyOGZkNzY3YmE5NDQ5OWMzNWRmNDhlNTBhOTZmZDkzZWMyZjFhMjkiLCJfYXV0aF91c2VyX2lkIjoiMiIsInRlc3Rjb29raWUiOiJ3b3JrZWQiLCJfYXV0aF91c2VyX2JhY2tlbmQiOiJkamFuZ28uY29udHJpYi5hdXRoLmJhY2tlbmRzLk1vZGVsQmFja2VuZCIsIl9jYWNoZWRfaXBfZ3JvdXBfbWVtYmVyc2hpcHMiOltdLCJwYWdlLWhpc3RvcnkiOlsiL2V4cGxvcmUvYnJvd3NlLz9mPTciLCIvZXhwbG9yZS9icm93c2UvIiwiL2V4cGxvcmUvZXhwbG9yZS8iLCIvIl0sIl9jYWNoZWRfcmVtb3RlX2FkZHIiOiIxMC4wLjIuMiJ9','2018-09-13 20:20:27'),('taw2gzttrkrm4v5swcozua86fnlqqj0r','YWU4OTIwYjdhYzQ4Y2Y4YWY0ZDhkNDUyODlmYTk1MzUwY2Q2YWVhZDp7Il9hdXRoX3VzZXJfaGFzaCI6IjcyOGZkNzY3YmE5NDQ5OWMzNWRmNDhlNTBhOTZmZDkzZWMyZjFhMjkiLCJfYXV0aF91c2VyX2lkIjoiMiIsIl9hdXRoX3VzZXJfYmFja2VuZCI6ImRqYW5nby5jb250cmliLmF1dGguYmFja2VuZHMuTW9kZWxCYWNrZW5kIiwiX2NhY2hlZF9pcF9ncm91cF9tZW1iZXJzaGlwcyI6W10sInBhZ2UtaGlzdG9yeSI6WyIvZXhwbG9yZS9leHBsb3JlLz9wYWdlPTEiLCIvZXhwbG9yZS9leHBsb3JlLz9wYWdlPTIiLCIvZXhwbG9yZS9leHBsb3JlLyIsIi93b3JrZXJzL2pvYnMvP2hpZ2hsaWdodD1iYTBmN2VhNC1hMWI2LTQ0NDEtODVhNC0yYTllMmUxNDA4OGQiLCIvd29ya2Vycy9qb2JzLz9oaWdobGlnaHQ9YmEwZjdlYTQtYTFiNi00NDQxLTg1YTQtMmE5ZTJlMTQwODhkIiwiL21lZGlhL21hdGNoLXVwLWZpbGVzLyIsIi93b3JrZXJzL2pvYnMvP2hpZ2hsaWdodD1jZWY3NGJmNC1hOWQ5LTRmY2YtYmM4Ny0wZjlmNWFjYzgzZWIiLCIvbWVkaWEvbWF0Y2gtdXAtZmlsZXMvIiwiL3dvcmtlcnMvam9icy8/aGlnaGxpZ2h0PWU5NDU0ODkwLTY1NzAtNDk3Mi1iYjhhLTdkMjQ0Nzg4MzMxYiIsIi9tZWRpYS9tYXRjaC11cC1maWxlcy8iXSwiX2NhY2hlZF9yZW1vdGVfYWRkciI6IjEwLjAuMi4yIn0=','2018-09-13 20:53:01');
/*!40000 ALTER TABLE `django_session` ENABLE KEYS */;
UNLOCK TABLES;

--
-- Table structure for table `django_site`
--

DROP TABLE IF EXISTS `django_site`;
/*!40101 SET @saved_cs_client     = @@character_set_client */;
/*!40101 SET character_set_client = utf8 */;
CREATE TABLE `django_site` (
  `id` int(11) NOT NULL AUTO_INCREMENT,
  `domain` varchar(100) NOT NULL,
  `name` varchar(50) NOT NULL,
  PRIMARY KEY (`id`)
) ENGINE=InnoDB AUTO_INCREMENT=2 DEFAULT CHARSET=utf8;
/*!40101 SET character_set_client = @saved_cs_client */;

--
-- Dumping data for table `django_site`
--

LOCK TABLES `django_site` WRITE;
/*!40000 ALTER TABLE `django_site` DISABLE KEYS */;
INSERT INTO `django_site` VALUES (1,'localhost','localhost');
/*!40000 ALTER TABLE `django_site` ENABLE KEYS */;
UNLOCK TABLES;

--
-- Table structure for table `federatedsearch_hitcount`
--

DROP TABLE IF EXISTS `federatedsearch_hitcount`;
/*!40101 SET @saved_cs_client     = @@character_set_client */;
/*!40101 SET character_set_client = utf8 */;
CREATE TABLE `federatedsearch_hitcount` (
  `id` int(11) NOT NULL AUTO_INCREMENT,
  `query` varchar(255) NOT NULL,
  `source` varchar(32) NOT NULL,
  `hits` int(11) NOT NULL,
  `results` longtext,
  `valid_until` datetime NOT NULL,
  PRIMARY KEY (`id`),
  KEY `federatedsearch_hitcount_query` (`query`),
  KEY `federatedsearch_hitcount_source` (`source`)
) ENGINE=InnoDB AUTO_INCREMENT=4 DEFAULT CHARSET=utf8;
/*!40101 SET character_set_client = @saved_cs_client */;

--
-- Dumping data for table `federatedsearch_hitcount`
--

LOCK TABLES `federatedsearch_hitcount` WRITE;
/*!40000 ALTER TABLE `federatedsearch_hitcount` DISABLE KEYS */;
INSERT INTO `federatedsearch_hitcount` VALUES (1,'france','NIX',100,NULL,'2010-09-14 14:23:11'),(2,'france','Flickr',7831359,NULL,'2010-09-14 14:23:12'),(3,'france','ARTstor',300,NULL,'2010-09-14 14:23:26');
/*!40000 ALTER TABLE `federatedsearch_hitcount` ENABLE KEYS */;
UNLOCK TABLES;

--
-- Table structure for table `federatedsearch_sharedcollection`
--

DROP TABLE IF EXISTS `federatedsearch_sharedcollection`;
/*!40101 SET @saved_cs_client     = @@character_set_client */;
/*!40101 SET character_set_client = utf8 */;
CREATE TABLE `federatedsearch_sharedcollection` (
  `id` int(11) NOT NULL AUTO_INCREMENT,
  `title` varchar(100) NOT NULL,
  `name` varchar(50) NOT NULL,
  `e_url` longtext NOT NULL,
  `e_username` longtext NOT NULL,
  `e_password` longtext NOT NULL,
  `description` longtext NOT NULL,
  PRIMARY KEY (`id`),
  UNIQUE KEY `name` (`name`)
) ENGINE=InnoDB DEFAULT CHARSET=utf8;
/*!40101 SET character_set_client = @saved_cs_client */;

--
-- Dumping data for table `federatedsearch_sharedcollection`
--

LOCK TABLES `federatedsearch_sharedcollection` WRITE;
/*!40000 ALTER TABLE `federatedsearch_sharedcollection` DISABLE KEYS */;
/*!40000 ALTER TABLE `federatedsearch_sharedcollection` ENABLE KEYS */;
UNLOCK TABLES;

--
-- Table structure for table `google_analytics_analytics`
--

DROP TABLE IF EXISTS `google_analytics_analytics`;
/*!40101 SET @saved_cs_client     = @@character_set_client */;
/*!40101 SET character_set_client = utf8 */;
CREATE TABLE `google_analytics_analytics` (
  `id` int(11) NOT NULL AUTO_INCREMENT,
  `site_id` int(11) NOT NULL,
  `analytics_code` varchar(100) NOT NULL,
  PRIMARY KEY (`id`),
  KEY `google_analytics_analytics_site_id` (`site_id`)
) ENGINE=InnoDB DEFAULT CHARSET=utf8;
/*!40101 SET character_set_client = @saved_cs_client */;

--
-- Dumping data for table `google_analytics_analytics`
--

LOCK TABLES `google_analytics_analytics` WRITE;
/*!40000 ALTER TABLE `google_analytics_analytics` DISABLE KEYS */;
/*!40000 ALTER TABLE `google_analytics_analytics` ENABLE KEYS */;
UNLOCK TABLES;

--
-- Table structure for table `impersonate_impersonation`
--

DROP TABLE IF EXISTS `impersonate_impersonation`;
/*!40101 SET @saved_cs_client     = @@character_set_client */;
/*!40101 SET character_set_client = utf8 */;
CREATE TABLE `impersonate_impersonation` (
  `id` int(11) NOT NULL AUTO_INCREMENT,
  `group_id` int(11) NOT NULL,
  PRIMARY KEY (`id`),
  KEY `impersonate_impersonation_group_id` (`group_id`)
) ENGINE=InnoDB DEFAULT CHARSET=utf8;
/*!40101 SET character_set_client = @saved_cs_client */;

--
-- Dumping data for table `impersonate_impersonation`
--

LOCK TABLES `impersonate_impersonation` WRITE;
/*!40000 ALTER TABLE `impersonate_impersonation` DISABLE KEYS */;
/*!40000 ALTER TABLE `impersonate_impersonation` ENABLE KEYS */;
UNLOCK TABLES;

--
-- Table structure for table `impersonate_impersonation_groups`
--

DROP TABLE IF EXISTS `impersonate_impersonation_groups`;
/*!40101 SET @saved_cs_client     = @@character_set_client */;
/*!40101 SET character_set_client = utf8 */;
CREATE TABLE `impersonate_impersonation_groups` (
  `id` int(11) NOT NULL AUTO_INCREMENT,
  `impersonation_id` int(11) NOT NULL,
  `group_id` int(11) NOT NULL,
  PRIMARY KEY (`id`),
  UNIQUE KEY `impersonation_id` (`impersonation_id`,`group_id`),
  KEY `group_id_refs_id_3d71b86` (`group_id`)
) ENGINE=InnoDB DEFAULT CHARSET=utf8;
/*!40101 SET character_set_client = @saved_cs_client */;

--
-- Dumping data for table `impersonate_impersonation_groups`
--

LOCK TABLES `impersonate_impersonation_groups` WRITE;
/*!40000 ALTER TABLE `impersonate_impersonation_groups` DISABLE KEYS */;
/*!40000 ALTER TABLE `impersonate_impersonation_groups` ENABLE KEYS */;
UNLOCK TABLES;

--
-- Table structure for table `impersonate_impersonation_users`
--

DROP TABLE IF EXISTS `impersonate_impersonation_users`;
/*!40101 SET @saved_cs_client     = @@character_set_client */;
/*!40101 SET character_set_client = utf8 */;
CREATE TABLE `impersonate_impersonation_users` (
  `id` int(11) NOT NULL AUTO_INCREMENT,
  `impersonation_id` int(11) NOT NULL,
  `user_id` int(11) NOT NULL,
  PRIMARY KEY (`id`),
  UNIQUE KEY `impersonation_id` (`impersonation_id`,`user_id`),
  KEY `user_id_refs_id_48b07684` (`user_id`)
) ENGINE=InnoDB DEFAULT CHARSET=utf8;
/*!40101 SET character_set_client = @saved_cs_client */;

--
-- Dumping data for table `impersonate_impersonation_users`
--

LOCK TABLES `impersonate_impersonation_users` WRITE;
/*!40000 ALTER TABLE `impersonate_impersonation_users` DISABLE KEYS */;
/*!40000 ALTER TABLE `impersonate_impersonation_users` ENABLE KEYS */;
UNLOCK TABLES;

--
-- Table structure for table `migration_objecthistory`
--

DROP TABLE IF EXISTS `migration_objecthistory`;
/*!40101 SET @saved_cs_client     = @@character_set_client */;
/*!40101 SET character_set_client = utf8 */;
CREATE TABLE `migration_objecthistory` (
  `id` int(11) NOT NULL AUTO_INCREMENT,
  `content_type_id` int(11) NOT NULL,
  `object_id` int(10) unsigned NOT NULL,
  `m2m_content_type_id` int(11) DEFAULT NULL,
  `m2m_object_id` int(10) unsigned DEFAULT NULL,
  `type` varchar(8) DEFAULT NULL,
  `original_id` varchar(256) NOT NULL,
  `content_hash` varchar(32) NOT NULL,
  PRIMARY KEY (`id`),
  KEY `migration_objecthistory_content_type_id` (`content_type_id`),
  KEY `migration_objecthistory_m2m_content_type_id` (`m2m_content_type_id`),
  KEY `migration_objecthistory_type` (`type`)
) ENGINE=InnoDB DEFAULT CHARSET=utf8;
/*!40101 SET character_set_client = @saved_cs_client */;

--
-- Dumping data for table `migration_objecthistory`
--

LOCK TABLES `migration_objecthistory` WRITE;
/*!40000 ALTER TABLE `migration_objecthistory` DISABLE KEYS */;
/*!40000 ALTER TABLE `migration_objecthistory` ENABLE KEYS */;
UNLOCK TABLES;

--
-- Table structure for table `presentation_presentation`
--

DROP TABLE IF EXISTS `presentation_presentation`;
/*!40101 SET @saved_cs_client     = @@character_set_client */;
/*!40101 SET character_set_client = utf8 */;
CREATE TABLE `presentation_presentation` (
  `id` int(11) NOT NULL AUTO_INCREMENT,
  `title` varchar(100) NOT NULL,
  `name` varchar(50) NOT NULL,
  `owner_id` int(11) NOT NULL,
  `hidden` tinyint(1) NOT NULL,
  `source` varchar(1024) DEFAULT NULL,
  `description` longtext,
  `password` varchar(32) DEFAULT NULL,
  `fieldset_id` int(11) DEFAULT NULL,
  `hide_default_data` tinyint(1) NOT NULL,
  `created` datetime NOT NULL,
  `modified` datetime NOT NULL,
  PRIMARY KEY (`id`),
  UNIQUE KEY `name` (`name`),
  KEY `presentation_presentation_owner_id` (`owner_id`),
  KEY `presentation_presentation_fieldset_id` (`fieldset_id`)
) ENGINE=InnoDB AUTO_INCREMENT=2 DEFAULT CHARSET=utf8;
/*!40101 SET character_set_client = @saved_cs_client */;

--
-- Dumping data for table `presentation_presentation`
--

LOCK TABLES `presentation_presentation` WRITE;
/*!40000 ALTER TABLE `presentation_presentation` DISABLE KEYS */;
INSERT INTO `presentation_presentation` VALUES (1,'France','france-2',2,0,NULL,'','',NULL,0,'2010-09-13 14:23:43','2010-09-13 14:24:46');
/*!40000 ALTER TABLE `presentation_presentation` ENABLE KEYS */;
UNLOCK TABLES;

--
-- Table structure for table `presentation_presentationitem`
--

DROP TABLE IF EXISTS `presentation_presentationitem`;
/*!40101 SET @saved_cs_client     = @@character_set_client */;
/*!40101 SET character_set_client = utf8 */;
CREATE TABLE `presentation_presentationitem` (
  `id` int(11) NOT NULL AUTO_INCREMENT,
  `presentation_id` int(11) NOT NULL,
  `record_id` int(11) NOT NULL,
  `hidden` tinyint(1) NOT NULL,
  `type` varchar(16) NOT NULL,
  `order` smallint(6) NOT NULL,
  PRIMARY KEY (`id`),
  KEY `presentation_presentationitem_presentation_id` (`presentation_id`),
  KEY `presentation_presentationitem_record_id` (`record_id`)
) ENGINE=InnoDB AUTO_INCREMENT=11 DEFAULT CHARSET=utf8;
/*!40101 SET character_set_client = @saved_cs_client */;

--
-- Dumping data for table `presentation_presentationitem`
--

LOCK TABLES `presentation_presentationitem` WRITE;
/*!40000 ALTER TABLE `presentation_presentationitem` DISABLE KEYS */;
INSERT INTO `presentation_presentationitem` VALUES (1,1,1,0,'',1),(2,1,2,0,'',2),(3,1,10,0,'',3),(4,1,39,0,'',4),(5,1,40,0,'',5),(6,1,42,0,'',6),(7,1,46,0,'',7),(8,1,47,0,'',8),(9,1,48,0,'',9),(10,1,49,0,'',10);
/*!40000 ALTER TABLE `presentation_presentationitem` ENABLE KEYS */;
UNLOCK TABLES;

--
-- Table structure for table `presentation_presentationiteminfo`
--

DROP TABLE IF EXISTS `presentation_presentationiteminfo`;
/*!40101 SET @saved_cs_client     = @@character_set_client */;
/*!40101 SET character_set_client = utf8 */;
CREATE TABLE `presentation_presentationiteminfo` (
  `id` int(11) NOT NULL AUTO_INCREMENT,
  `item_id` int(11) NOT NULL,
  `media_id` int(11) NOT NULL,
  `info` longtext NOT NULL,
  PRIMARY KEY (`id`),
  KEY `presentation_presentationiteminfo_item_id` (`item_id`),
  KEY `presentation_presentationiteminfo_media_id` (`media_id`)
) ENGINE=InnoDB DEFAULT CHARSET=utf8;
/*!40101 SET character_set_client = @saved_cs_client */;

--
-- Dumping data for table `presentation_presentationiteminfo`
--

LOCK TABLES `presentation_presentationiteminfo` WRITE;
/*!40000 ALTER TABLE `presentation_presentationiteminfo` DISABLE KEYS */;
/*!40000 ALTER TABLE `presentation_presentationiteminfo` ENABLE KEYS */;
UNLOCK TABLES;

--
-- Table structure for table `solr_solrindexupdates`
--

DROP TABLE IF EXISTS `solr_solrindexupdates`;
/*!40101 SET @saved_cs_client     = @@character_set_client */;
/*!40101 SET character_set_client = utf8 */;
CREATE TABLE `solr_solrindexupdates` (
  `id` int(11) NOT NULL AUTO_INCREMENT,
  `record` int(11) NOT NULL,
  `delete` tinyint(1) NOT NULL,
  PRIMARY KEY (`id`)
) ENGINE=InnoDB AUTO_INCREMENT=101 DEFAULT CHARSET=utf8;
/*!40101 SET character_set_client = @saved_cs_client */;

--
-- Dumping data for table `solr_solrindexupdates`
--

LOCK TABLES `solr_solrindexupdates` WRITE;
/*!40000 ALTER TABLE `solr_solrindexupdates` DISABLE KEYS */;
/*!40000 ALTER TABLE `solr_solrindexupdates` ENABLE KEYS */;
UNLOCK TABLES;

--
-- Table structure for table `south_migrationhistory`
--

DROP TABLE IF EXISTS `south_migrationhistory`;
/*!40101 SET @saved_cs_client     = @@character_set_client */;
/*!40101 SET character_set_client = utf8 */;
CREATE TABLE `south_migrationhistory` (
  `id` int(11) NOT NULL AUTO_INCREMENT,
  `app_name` varchar(255) NOT NULL,
  `migration` varchar(255) NOT NULL,
  `applied` datetime NOT NULL,
  PRIMARY KEY (`id`)
) ENGINE=InnoDB DEFAULT CHARSET=utf8;
/*!40101 SET character_set_client = @saved_cs_client */;

--
-- Dumping data for table `south_migrationhistory`
--

LOCK TABLES `south_migrationhistory` WRITE;
/*!40000 ALTER TABLE `south_migrationhistory` DISABLE KEYS */;
/*!40000 ALTER TABLE `south_migrationhistory` ENABLE KEYS */;
UNLOCK TABLES;

--
-- Table structure for table `statistics_accumulatedactivity`
--

DROP TABLE IF EXISTS `statistics_accumulatedactivity`;
/*!40101 SET @saved_cs_client     = @@character_set_client */;
/*!40101 SET character_set_client = utf8 */;
CREATE TABLE `statistics_accumulatedactivity` (
  `id` int(11) NOT NULL AUTO_INCREMENT,
  `content_type_id` int(11) DEFAULT NULL,
  `object_id` int(10) unsigned DEFAULT NULL,
  `date` date NOT NULL,
  `event` varchar(64) NOT NULL,
  `final` tinyint(1) NOT NULL,
  `count` int(11) NOT NULL,
  PRIMARY KEY (`id`),
  KEY `statistics_accumulatedactivity_content_type_id` (`content_type_id`)
) ENGINE=InnoDB DEFAULT CHARSET=utf8;
/*!40101 SET character_set_client = @saved_cs_client */;

--
-- Dumping data for table `statistics_accumulatedactivity`
--

LOCK TABLES `statistics_accumulatedactivity` WRITE;
/*!40000 ALTER TABLE `statistics_accumulatedactivity` DISABLE KEYS */;
/*!40000 ALTER TABLE `statistics_accumulatedactivity` ENABLE KEYS */;
UNLOCK TABLES;

--
-- Table structure for table `statistics_activity`
--

DROP TABLE IF EXISTS `statistics_activity`;
/*!40101 SET @saved_cs_client     = @@character_set_client */;
/*!40101 SET character_set_client = utf8 */;
CREATE TABLE `statistics_activity` (
  `id` int(11) NOT NULL AUTO_INCREMENT,
  `content_type_id` int(11) DEFAULT NULL,
  `object_id` int(10) unsigned DEFAULT NULL,
  `user_id` int(11) DEFAULT NULL,
  `date` date NOT NULL,
  `time` time NOT NULL,
  `event` varchar(64) NOT NULL,
  `data` longtext NOT NULL,
  PRIMARY KEY (`id`),
  KEY `statistics_activity_content_type_id` (`content_type_id`),
  KEY `statistics_activity_user_id` (`user_id`)
) ENGINE=InnoDB AUTO_INCREMENT=146 DEFAULT CHARSET=utf8;
/*!40101 SET character_set_client = @saved_cs_client */;

--
-- Dumping data for table `statistics_activity`
--

LOCK TABLES `statistics_activity` WRITE;
/*!40000 ALTER TABLE `statistics_activity` DISABLE KEYS */;
/*!40000 ALTER TABLE `statistics_activity` ENABLE KEYS */;
UNLOCK TABLES;

--
-- Table structure for table `storage_media`
--

DROP TABLE IF EXISTS `storage_media`;
/*!40101 SET @saved_cs_client     = @@character_set_client */;
/*!40101 SET character_set_client = utf8 */;
CREATE TABLE `storage_media` (
  `id` int(11) NOT NULL AUTO_INCREMENT,
  `record_id` int(11) NOT NULL,
  `name` varchar(50) NOT NULL,
  `url` varchar(1024) NOT NULL,
  `storage_id` int(11) NOT NULL,
  `mimetype` varchar(128) NOT NULL,
  `width` int(11) DEFAULT NULL,
  `height` int(11) DEFAULT NULL,
  `bitrate` int(11) DEFAULT NULL,
  `master_id` int(11) DEFAULT NULL,
  PRIMARY KEY (`id`),
  UNIQUE KEY `record_id` (`record_id`,`name`),
  KEY `storage_media_record_id` (`record_id`),
  KEY `storage_media_name` (`name`),
  KEY `storage_media_storage_id` (`storage_id`),
  KEY `storage_media_master_id` (`master_id`)
) ENGINE=InnoDB AUTO_INCREMENT=161 DEFAULT CHARSET=utf8;
/*!40101 SET character_set_client = @saved_cs_client */;

--
-- Dumping data for table `storage_media`
--

LOCK TABLES `storage_media` WRITE;
/*!40000 ALTER TABLE `storage_media` DISABLE KEYS */;
INSERT INTO `storage_media` VALUES (111,37,'psp0109','psp0109.jpg',1,'image/jpeg',1503,1024,NULL,NULL),(112,18,'dva0009','dva0009.jpg',1,'image/jpeg',1024,1454,NULL,NULL),(113,11,'arc7688','arc7688.jpg',1,'image/jpeg',1536,1003,NULL,NULL),(114,2,'afr3131a','afr3131a.jpg',1,'image/jpeg',1024,1494,NULL,NULL),(115,31,'lif2330','lif2330.jpg',1,'image/jpeg',1515,1024,NULL,NULL),(116,32,'lif2335','lif2335.jpg',1,'image/jpeg',1017,1536,NULL,NULL),(117,36,'nsf0093','nsf0093.jpg',1,'image/jpeg',1354,1024,NULL,NULL),(118,34,'ltw0001','ltw0001.jpg',1,'image/jpeg',1317,1024,NULL,NULL),(119,8,'arc5364','arc5364.jpg',1,'image/jpeg',1516,1024,NULL,NULL),(120,13,'arc8729','arc8729.jpg',1,'image/jpeg',1536,1012,NULL,NULL),(121,29,'jta0216','jta0216.jpg',1,'image/jpeg',1536,1019,NULL,NULL),(122,40,'sfr0485','sfr0485.jpg',1,'image/jpeg',1024,1503,NULL,NULL),(123,25,'dva1765','dva1765.jpg',1,'image/jpeg',1024,1516,NULL,NULL),(124,7,'arc5262','arc5262.jpg',1,'image/jpeg',1003,1536,NULL,NULL),(125,15,'das0201','das0201.jpg',1,'image/jpeg',1024,1365,NULL,NULL),(126,30,'lff1113','lff1113.jpg',1,'image/jpeg',1024,1176,NULL,NULL),(127,24,'dva1621','dva1621.jpg',1,'image/jpeg',902,1536,NULL,NULL),(128,19,'dva0016','dva0016.jpg',1,'image/jpeg',1314,1024,NULL,NULL),(129,1,'afr1236','afr1236.jpg',1,'image/jpeg',1024,1494,NULL,NULL),(130,42,'xir034107','xir034107.jpg',1,'image/jpeg',1496,1024,NULL,NULL),(131,21,'dva0104','dva0104.jpg',1,'image/jpeg',1536,1016,NULL,NULL),(132,12,'arc8682','arc8682.jpg',1,'image/jpeg',1536,994,NULL,NULL),(133,50,'xir224971','xir224971.jpg',1,'image/jpeg',1028,1024,NULL,NULL),(134,17,'dva0002','dva0002.jpg',1,'image/jpeg',1536,1008,NULL,NULL),(135,5,'arc1638','arc1638.jpg',1,'image/jpeg',1536,1005,NULL,NULL),(136,44,'xir156161','xir156161.jpg',1,'image/jpeg',936,1536,NULL,NULL),(137,6,'arc5258','arc5258.jpg',1,'image/jpeg',1536,999,NULL,NULL),(138,16,'das1788','das1788.jpg',1,'image/jpeg',1365,1024,NULL,NULL),(139,48,'xir192377','xir192377.jpg',1,'image/jpeg',1024,1408,NULL,NULL),(140,46,'xir163472','xir163472.jpg',1,'image/jpeg',1024,1367,NULL,NULL),(141,43,'xir058599','xir058599.jpg',1,'image/jpeg',950,1536,NULL,NULL),(142,35,'mia2010','mia2010.jpg',1,'image/jpeg',1536,1021,NULL,NULL),(143,3,'age0124','age0124.jpg',1,'image/jpeg',1024,1521,NULL,NULL),(144,23,'dva1535','dva1535.jpg',1,'image/jpeg',1482,1024,NULL,NULL),(145,26,'dva3479','dva3479.jpg',1,'image/jpeg',1501,1024,NULL,NULL),(146,14,'ard4274','ard4274.jpg',1,'image/jpeg',1536,924,NULL,NULL),(147,49,'xir208568','xir208568.jpg',1,'image/jpeg',1024,1373,NULL,NULL),(148,38,'seg0023','seg0023.jpg',1,'image/jpeg',1024,1517,NULL,NULL),(149,28,'jic0844','jic0844.jpg',1,'image/jpeg',1024,1405,NULL,NULL),(150,27,'jia2101','jia2101.jpg',1,'image/jpeg',1536,1021,NULL,NULL),(151,33,'lix0004','lix0004.jpg',1,'image/jpeg',1013,1536,NULL,NULL),(152,22,'dva1092','dva1092.jpg',1,'image/jpeg',1024,1043,NULL,NULL),(153,45,'xir162303','xir162303.jpg',1,'image/jpeg',1024,1446,NULL,NULL),(154,10,'arc7078','arc7078.jpg',1,'image/jpeg',1003,1536,NULL,NULL),(155,4,'ait0717','ait0717.jpg',1,'image/jpeg',1522,1024,NULL,NULL),(156,41,'xir032462','xir032462.jpg',1,'image/jpeg',1382,1024,NULL,NULL),(157,47,'xir163473','xir163473.jpg',1,'image/jpeg',1024,1368,NULL,NULL),(158,39,'sfr0427','sfr0427.jpg',1,'image/jpeg',1494,1024,NULL,NULL),(159,9,'arc5425','arc5425.jpg',1,'image/jpeg',1536,1019,NULL,NULL),(160,20,'dva0077','dva0077.jpg',1,'image/jpeg',1024,1525,NULL,NULL);
/*!40000 ALTER TABLE `storage_media` ENABLE KEYS */;
UNLOCK TABLES;

--
-- Table structure for table `storage_proxyurl`
--

DROP TABLE IF EXISTS `storage_proxyurl`;
/*!40101 SET @saved_cs_client     = @@character_set_client */;
/*!40101 SET character_set_client = utf8 */;
CREATE TABLE `storage_proxyurl` (
  `id` int(11) NOT NULL AUTO_INCREMENT,
  `uuid` varchar(36) NOT NULL,
  `subnet_id` int(11) NOT NULL,
  `url` varchar(1024) NOT NULL,
  `context` varchar(256) DEFAULT NULL,
  `user_id` int(11) NOT NULL,
  `user_backend` varchar(256) DEFAULT NULL,
  `last_access` datetime DEFAULT NULL,
  PRIMARY KEY (`id`),
  UNIQUE KEY `uuid` (`uuid`),
  KEY `storage_proxyurl_subnet_id` (`subnet_id`),
  KEY `storage_proxyurl_user_id` (`user_id`)
) ENGINE=InnoDB DEFAULT CHARSET=utf8;
/*!40101 SET character_set_client = @saved_cs_client */;

--
-- Dumping data for table `storage_proxyurl`
--

LOCK TABLES `storage_proxyurl` WRITE;
/*!40000 ALTER TABLE `storage_proxyurl` DISABLE KEYS */;
/*!40000 ALTER TABLE `storage_proxyurl` ENABLE KEYS */;
UNLOCK TABLES;

--
-- Table structure for table `storage_storage`
--

DROP TABLE IF EXISTS `storage_storage`;
/*!40101 SET @saved_cs_client     = @@character_set_client */;
/*!40101 SET character_set_client = utf8 */;
CREATE TABLE `storage_storage` (
  `id` int(11) NOT NULL AUTO_INCREMENT,
  `title` varchar(100) NOT NULL,
  `name` varchar(50) NOT NULL,
  `system` varchar(50) NOT NULL,
  `base` varchar(1024) DEFAULT NULL,
  `urlbase` varchar(1024) DEFAULT NULL,
  `serverbase` varchar(1024) DEFAULT NULL,
  `derivative_id` int(11) DEFAULT NULL,
  PRIMARY KEY (`id`),
  UNIQUE KEY `derivative_id` (`derivative_id`),
  KEY `storage_storage_name` (`name`)
) ENGINE=InnoDB AUTO_INCREMENT=3 DEFAULT CHARSET=utf8;
/*!40101 SET character_set_client = @saved_cs_client */;

--
-- Dumping data for table `storage_storage`
--

LOCK TABLES `storage_storage` WRITE;
/*!40000 ALTER TABLE `storage_storage` DISABLE KEYS */;
INSERT INTO `storage_storage` VALUES (1,'Sample Storage','sample-storage','local','/vagrant/sample/images','','',2);
/*!40000 ALTER TABLE `storage_storage` ENABLE KEYS */;
UNLOCK TABLES;

--
-- Table structure for table `storage_trustedsubnet`
--

DROP TABLE IF EXISTS `storage_trustedsubnet`;
/*!40101 SET @saved_cs_client     = @@character_set_client */;
/*!40101 SET character_set_client = utf8 */;
CREATE TABLE `storage_trustedsubnet` (
  `id` int(11) NOT NULL AUTO_INCREMENT,
  `subnet` varchar(80) NOT NULL,
  PRIMARY KEY (`id`)
) ENGINE=InnoDB DEFAULT CHARSET=utf8;
/*!40101 SET character_set_client = @saved_cs_client */;

--
-- Dumping data for table `storage_trustedsubnet`
--

LOCK TABLES `storage_trustedsubnet` WRITE;
/*!40000 ALTER TABLE `storage_trustedsubnet` DISABLE KEYS */;
/*!40000 ALTER TABLE `storage_trustedsubnet` ENABLE KEYS */;
UNLOCK TABLES;

--
-- Table structure for table `tagging_tag`
--

DROP TABLE IF EXISTS `tagging_tag`;
/*!40101 SET @saved_cs_client     = @@character_set_client */;
/*!40101 SET character_set_client = utf8 */;
CREATE TABLE `tagging_tag` (
  `id` int(11) NOT NULL AUTO_INCREMENT,
  `name` varchar(50) NOT NULL,
  PRIMARY KEY (`id`),
  UNIQUE KEY `name` (`name`)
) ENGINE=InnoDB AUTO_INCREMENT=3 DEFAULT CHARSET=utf8;
/*!40101 SET character_set_client = @saved_cs_client */;

--
-- Dumping data for table `tagging_tag`
--

LOCK TABLES `tagging_tag` WRITE;
/*!40000 ALTER TABLE `tagging_tag` DISABLE KEYS */;
INSERT INTO `tagging_tag` VALUES (1,'europe'),(2,'france');
/*!40000 ALTER TABLE `tagging_tag` ENABLE KEYS */;
UNLOCK TABLES;

--
-- Table structure for table `tagging_taggeditem`
--

DROP TABLE IF EXISTS `tagging_taggeditem`;
/*!40101 SET @saved_cs_client     = @@character_set_client */;
/*!40101 SET character_set_client = utf8 */;
CREATE TABLE `tagging_taggeditem` (
  `id` int(11) NOT NULL AUTO_INCREMENT,
  `tag_id` int(11) NOT NULL,
  `content_type_id` int(11) NOT NULL,
  `object_id` int(10) unsigned NOT NULL,
  PRIMARY KEY (`id`),
  UNIQUE KEY `tag_id` (`tag_id`,`content_type_id`,`object_id`),
  KEY `tagging_taggeditem_tag_id` (`tag_id`),
  KEY `tagging_taggeditem_content_type_id` (`content_type_id`),
  KEY `tagging_taggeditem_object_id` (`object_id`)
) ENGINE=InnoDB AUTO_INCREMENT=3 DEFAULT CHARSET=utf8;
/*!40101 SET character_set_client = @saved_cs_client */;

--
-- Dumping data for table `tagging_taggeditem`
--

LOCK TABLES `tagging_taggeditem` WRITE;
/*!40000 ALTER TABLE `tagging_taggeditem` DISABLE KEYS */;
INSERT INTO `tagging_taggeditem` VALUES (1,1,26,3),(2,2,26,3);
/*!40000 ALTER TABLE `tagging_taggeditem` ENABLE KEYS */;
UNLOCK TABLES;

--
-- Table structure for table `userprofile_preference`
--

DROP TABLE IF EXISTS `userprofile_preference`;
/*!40101 SET @saved_cs_client     = @@character_set_client */;
/*!40101 SET character_set_client = utf8 */;
CREATE TABLE `userprofile_preference` (
  `id` int(11) NOT NULL AUTO_INCREMENT,
  `setting` varchar(128) NOT NULL,
  `value` longtext NOT NULL,
  PRIMARY KEY (`id`)
) ENGINE=InnoDB AUTO_INCREMENT=6 DEFAULT CHARSET=utf8;
/*!40101 SET character_set_client = @saved_cs_client */;

--
-- Dumping data for table `userprofile_preference`
--

LOCK TABLES `userprofile_preference` WRITE;
/*!40000 ALTER TABLE `userprofile_preference` DISABLE KEYS */;
INSERT INTO `userprofile_preference` VALUES (1,'data_import_file_-1274187344','{\"mapping\": [{\"separate\": true, \"mapping\": \"\", \"label\": \"\", \"fieldname\": \"AdditionalInfo\", \"hidden\": false, \"ORDER\": 1}, {\"separate\": true, \"mapping\": \"\", \"label\": \"\", \"fieldname\": \"Artist1_Corporate\", \"hidden\": false, \"ORDER\": 2}, {\"separate\": true, \"mapping\": \"3\", \"label\": \"Artist\", \"fieldname\": \"Artist1_DisplayName\", \"hidden\": false, \"ORDER\": 3}, {\"separate\": true, \"mapping\": \"\", \"label\": \"\", \"fieldname\": \"Artist1_Gender\", \"hidden\": false, \"ORDER\": 4}, {\"separate\": true, \"mapping\": \"\", \"label\": \"\", \"fieldname\": \"Artist1_Lifetime\", \"hidden\": false, \"ORDER\": 5}, {\"separate\": true, \"mapping\": \"\", \"label\": \"\", \"fieldname\": \"Artist1_Nationality\", \"hidden\": false, \"ORDER\": 6}, {\"separate\": true, \"mapping\": \"\", \"label\": \"\", \"fieldname\": \"Artist1_SortName\", \"hidden\": false, \"ORDER\": 7}, {\"separate\": true, \"mapping\": \"\", \"label\": \"\", \"fieldname\": \"Artist2_Corporate\", \"hidden\": false, \"ORDER\": 8}, {\"separate\": true, \"mapping\": \"\", \"label\": \"\", \"fieldname\": \"Artist2_DisplayName\", \"hidden\": false, \"ORDER\": 9}, {\"separate\": true, \"mapping\": \"\", \"label\": \"\", \"fieldname\": \"Artist2_Gender\", \"hidden\": false, \"ORDER\": 10}, {\"separate\": true, \"mapping\": \"\", \"label\": \"\", \"fieldname\": \"Artist2_Lifetime\", \"hidden\": false, \"ORDER\": 11}, {\"separate\": true, \"mapping\": \"\", \"label\": \"\", \"fieldname\": \"Artist2_Nationality\", \"hidden\": false, \"ORDER\": 12}, {\"separate\": true, \"mapping\": \"\", \"label\": \"\", \"fieldname\": \"Artist2_SortName\", \"hidden\": false, \"ORDER\": 13}, {\"separate\": true, \"mapping\": \"\", \"label\": \"\", \"fieldname\": \"Artist3_Corporate\", \"hidden\": false, \"ORDER\": 14}, {\"separate\": true, \"mapping\": \"\", \"label\": \"\", \"fieldname\": \"Artist3_DisplayName\", \"hidden\": false, \"ORDER\": 15}, {\"separate\": true, \"mapping\": \"\", \"label\": \"\", \"fieldname\": \"Artist3_Gender\", \"hidden\": false, \"ORDER\": 16}, {\"separate\": true, \"mapping\": \"\", \"label\": \"\", \"fieldname\": \"Artist3_Lifetime\", \"hidden\": false, \"ORDER\": 17}, {\"separate\": true, \"mapping\": \"\", \"label\": \"\", \"fieldname\": \"Artist3_Nationality\", \"hidden\": false, \"ORDER\": 18}, {\"separate\": true, \"mapping\": \"\", \"label\": \"\", \"fieldname\": \"Artist3_SortName\", \"hidden\": false, \"ORDER\": 19}, {\"separate\": true, \"mapping\": \"\", \"label\": \"\", \"fieldname\": \"Artist4_Corporate\", \"hidden\": false, \"ORDER\": 20}, {\"separate\": true, \"mapping\": \"\", \"label\": \"\", \"fieldname\": \"Artist4_DisplayName\", \"hidden\": false, \"ORDER\": 21}, {\"separate\": true, \"mapping\": \"\", \"label\": \"\", \"fieldname\": \"Artist4_Gender\", \"hidden\": false, \"ORDER\": 22}, {\"separate\": true, \"mapping\": \"\", \"label\": \"\", \"fieldname\": \"Artist4_Lifetime\", \"hidden\": false, \"ORDER\": 23}, {\"separate\": true, \"mapping\": \"\", \"label\": \"\", \"fieldname\": \"Artist4_Nationality\", \"hidden\": false, \"ORDER\": 24}, {\"separate\": true, \"mapping\": \"\", \"label\": \"\", \"fieldname\": \"Artist4_SortName\", \"hidden\": false, \"ORDER\": 25}, {\"separate\": true, \"mapping\": \"\", \"label\": \"\", \"fieldname\": \"Artist5_Corporate\", \"hidden\": false, \"ORDER\": 26}, {\"separate\": true, \"mapping\": \"\", \"label\": \"\", \"fieldname\": \"Artist5_DisplayName\", \"hidden\": false, \"ORDER\": 27}, {\"separate\": true, \"mapping\": \"\", \"label\": \"\", \"fieldname\": \"Artist5_Gender\", \"hidden\": false, \"ORDER\": 28}, {\"separate\": true, \"mapping\": \"\", \"label\": \"\", \"fieldname\": \"Artist5_Lifetime\", \"hidden\": false, \"ORDER\": 29}, {\"separate\": true, \"mapping\": \"\", \"label\": \"\", \"fieldname\": \"Artist5_Nationality\", \"hidden\": false, \"ORDER\": 30}, {\"separate\": true, \"mapping\": \"\", \"label\": \"\", \"fieldname\": \"Artist5_SortName\", \"hidden\": false, \"ORDER\": 31}, {\"separate\": true, \"mapping\": \"\", \"label\": \"\", \"fieldname\": \"Attribution\", \"hidden\": false, \"ORDER\": 32}, {\"separate\": true, \"mapping\": \"\", \"label\": \"\", \"fieldname\": \"CatalogNum\", \"hidden\": false, \"ORDER\": 33}, {\"separate\": true, \"mapping\": \"2\", \"label\": \"City or Site\", \"fieldname\": \"CityOrSite\", \"hidden\": false, \"ORDER\": 34}, {\"separate\": true, \"mapping\": \"\", \"label\": \"\", \"fieldname\": \"Classification\", \"hidden\": false, \"ORDER\": 35}, {\"separate\": true, \"mapping\": \"2\", \"label\": \"Country\", \"fieldname\": \"Country\", \"hidden\": false, \"ORDER\": 36}, {\"separate\": true, \"mapping\": \"\", \"label\": \"\", \"fieldname\": \"Depth\", \"hidden\": false, \"ORDER\": 37}, {\"separate\": true, \"mapping\": \"\", \"label\": \"\", \"fieldname\": \"Dimensions\", \"hidden\": false, \"ORDER\": 38}, {\"separate\": true, \"mapping\": \"\", \"label\": \"\", \"fieldname\": \"Extent\", \"hidden\": false, \"ORDER\": 39}, {\"separate\": true, \"mapping\": \"7\", \"label\": \"\", \"fieldname\": \"Filename\", \"hidden\": false, \"ORDER\": 99}, {\"separate\": true, \"mapping\": \"\", \"label\": \"\", \"fieldname\": \"Height\", \"hidden\": false, \"ORDER\": 41}, {\"separate\": true, \"mapping\": \"21\", \"label\": \"\", \"fieldname\": \"Inscription\", \"hidden\": false, \"ORDER\": 42}, {\"separate\": true, \"mapping\": \"23\", \"label\": \"\", \"fieldname\": \"Material\", \"hidden\": false, \"ORDER\": 43}, {\"separate\": true, \"mapping\": \"\", \"label\": \"\", \"fieldname\": \"Medium\", \"hidden\": false, \"ORDER\": 44}, {\"separate\": true, \"mapping\": \"\", \"label\": \"\", \"fieldname\": \"MuseumCity\", \"hidden\": false, \"ORDER\": 45}, {\"separate\": true, \"mapping\": \"\", \"label\": \"\", \"fieldname\": \"MuseumCountry\", \"hidden\": false, \"ORDER\": 46}, {\"separate\": true, \"mapping\": \"\", \"label\": \"\", \"fieldname\": \"MuseumName\", \"hidden\": false, \"ORDER\": 47}, {\"separate\": true, \"mapping\": \"\", \"label\": \"\", \"fieldname\": \"Origin\", \"hidden\": false, \"ORDER\": 48}, {\"separate\": true, \"mapping\": \"\", \"label\": \"\", \"fieldname\": \"Period\", \"hidden\": false, \"ORDER\": 49}, {\"separate\": true, \"mapping\": \"\", \"label\": \"\", \"fieldname\": \"PrincipalView\", \"hidden\": false, \"ORDER\": 50}, {\"separate\": true, \"mapping\": \"\", \"label\": \"\", \"fieldname\": \"RepositoryID\", \"hidden\": false, \"ORDER\": 51}, {\"separate\": true, \"mapping\": \"\", \"label\": \"\", \"fieldname\": \"Support\", \"hidden\": false, \"ORDER\": 52}, {\"separate\": true, \"mapping\": \"14\", \"label\": \"\", \"fieldname\": \"Title\", \"hidden\": false, \"ORDER\": 1}, {\"separate\": true, \"mapping\": \"\", \"label\": \"\", \"fieldname\": \"Units\", \"hidden\": false, \"ORDER\": 54}, {\"separate\": true, \"mapping\": \"\", \"label\": \"\", \"fieldname\": \"Vendor\", \"hidden\": false, \"ORDER\": 55}, {\"separate\": true, \"mapping\": \"\", \"label\": \"\", \"fieldname\": \"ViewDescription\", \"hidden\": false, \"ORDER\": 56}, {\"separate\": true, \"mapping\": \"\", \"label\": \"\", \"fieldname\": \"Width\", \"hidden\": false, \"ORDER\": 57}, {\"separate\": true, \"mapping\": \"\", \"label\": \"\", \"fieldname\": \"WorkDate\", \"hidden\": false, \"ORDER\": 58}, {\"separate\": true, \"mapping\": \"\", \"label\": \"\", \"fieldname\": \"WorkDescription\", \"hidden\": false, \"ORDER\": 59}], \"options\": {\"fieldset\": null, \"personal\": false, \"update\": true, \"add\": true, \"collections\": [\"1\"], \"test\": false, \"separator\": \"\"}}'),(2,'ui_results_sidebar_facet_title_t','true'),(3,'ui_results_sidebar_facet_format_t','true'),(4,'ui_results_sidebar_facet_creator_t','true'),(5,'ui_results_sidebar_facet_coverage_t','true');
/*!40000 ALTER TABLE `userprofile_preference` ENABLE KEYS */;
UNLOCK TABLES;

--
-- Table structure for table `userprofile_userprofile`
--

DROP TABLE IF EXISTS `userprofile_userprofile`;
/*!40101 SET @saved_cs_client     = @@character_set_client */;
/*!40101 SET character_set_client = utf8 */;
CREATE TABLE `userprofile_userprofile` (
  `id` int(11) NOT NULL AUTO_INCREMENT,
  `user_id` int(11) NOT NULL,
  PRIMARY KEY (`id`),
  UNIQUE KEY `user_id` (`user_id`)
) ENGINE=InnoDB AUTO_INCREMENT=2 DEFAULT CHARSET=utf8;
/*!40101 SET character_set_client = @saved_cs_client */;

--
-- Dumping data for table `userprofile_userprofile`
--

LOCK TABLES `userprofile_userprofile` WRITE;
/*!40000 ALTER TABLE `userprofile_userprofile` DISABLE KEYS */;
INSERT INTO `userprofile_userprofile` VALUES (1,2);
/*!40000 ALTER TABLE `userprofile_userprofile` ENABLE KEYS */;
UNLOCK TABLES;

--
-- Table structure for table `userprofile_userprofile_preferences`
--

DROP TABLE IF EXISTS `userprofile_userprofile_preferences`;
/*!40101 SET @saved_cs_client     = @@character_set_client */;
/*!40101 SET character_set_client = utf8 */;
CREATE TABLE `userprofile_userprofile_preferences` (
  `id` int(11) NOT NULL AUTO_INCREMENT,
  `userprofile_id` int(11) NOT NULL,
  `preference_id` int(11) NOT NULL,
  PRIMARY KEY (`id`),
  UNIQUE KEY `userprofile_id` (`userprofile_id`,`preference_id`),
  KEY `preference_id_refs_id_22f1571c` (`preference_id`)
) ENGINE=InnoDB AUTO_INCREMENT=6 DEFAULT CHARSET=utf8;
/*!40101 SET character_set_client = @saved_cs_client */;

--
-- Dumping data for table `userprofile_userprofile_preferences`
--

LOCK TABLES `userprofile_userprofile_preferences` WRITE;
/*!40000 ALTER TABLE `userprofile_userprofile_preferences` DISABLE KEYS */;
INSERT INTO `userprofile_userprofile_preferences` VALUES (1,1,1),(2,1,2),(3,1,3),(4,1,4),(5,1,5);
/*!40000 ALTER TABLE `userprofile_userprofile_preferences` ENABLE KEYS */;
UNLOCK TABLES;

--
-- Table structure for table `util_ownedwrapper`
--

DROP TABLE IF EXISTS `util_ownedwrapper`;
/*!40101 SET @saved_cs_client     = @@character_set_client */;
/*!40101 SET character_set_client = utf8 */;
CREATE TABLE `util_ownedwrapper` (
  `id` int(11) NOT NULL AUTO_INCREMENT,
  `content_type_id` int(11) NOT NULL,
  `object_id` int(10) unsigned NOT NULL,
  `user_id` int(11) NOT NULL,
  PRIMARY KEY (`id`),
  UNIQUE KEY `content_type_id` (`content_type_id`,`object_id`,`user_id`),
  KEY `util_ownedwrapper_content_type_id` (`content_type_id`),
  KEY `util_ownedwrapper_user_id` (`user_id`)
) ENGINE=InnoDB AUTO_INCREMENT=5 DEFAULT CHARSET=utf8;
/*!40101 SET character_set_client = @saved_cs_client */;

--
-- Dumping data for table `util_ownedwrapper`
--

LOCK TABLES `util_ownedwrapper` WRITE;
/*!40000 ALTER TABLE `util_ownedwrapper` DISABLE KEYS */;
INSERT INTO `util_ownedwrapper` VALUES (2,16,8,2),(4,16,37,2),(1,16,48,2),(3,37,1,2);
/*!40000 ALTER TABLE `util_ownedwrapper` ENABLE KEYS */;
UNLOCK TABLES;

--
-- Table structure for table `workers_ownedtaskresult`
--

DROP TABLE IF EXISTS `workers_ownedtaskresult`;
/*!40101 SET @saved_cs_client     = @@character_set_client */;
/*!40101 SET character_set_client = utf8 */;
CREATE TABLE `workers_ownedtaskresult` (
  `taskresult_ptr_id` int(11) NOT NULL,
  `function` varchar(64) NOT NULL,
  `args` longtext,
  `created` datetime(6) NOT NULL,
  `owner_id` int(11) NOT NULL,
  PRIMARY KEY (`taskresult_ptr_id`),
  KEY `workers_ownedtaskresul_owner_id_376356a4aae61bc2_fk_auth_user_id` (`owner_id`),
  CONSTRAINT `b0d10319fcb9a24fa21988a4c7ffca90` FOREIGN KEY (`taskresult_ptr_id`) REFERENCES `django_celery_results_taskresult` (`id`),
  CONSTRAINT `workers_ownedtaskresul_owner_id_376356a4aae61bc2_fk_auth_user_id` FOREIGN KEY (`owner_id`) REFERENCES `auth_user` (`id`)
) ENGINE=InnoDB DEFAULT CHARSET=utf8;
/*!40101 SET character_set_client = @saved_cs_client */;

--
-- Dumping data for table `workers_ownedtaskresult`
--

LOCK TABLES `workers_ownedtaskresult` WRITE;
/*!40000 ALTER TABLE `workers_ownedtaskresult` DISABLE KEYS */;
INSERT INTO `workers_ownedtaskresult` VALUES (14,'testjob','{\"args\": [], \"kwargs\": {\"owner\": 2}}','2018-09-13 14:51:16.479599',2),(15,'storage_match_up_media','{\"args\": [], \"kwargs\": {\"owner\": 2, \"storage\": 1, \"allow_multiple_use\": false, \"collection\": 1}}','2018-09-13 14:51:14.678758',2),(16,'storage_match_up_media','{\"args\": [], \"kwargs\": {\"owner\": 2, \"storage\": 1, \"allow_multiple_use\": false, \"collection\": 1}}','2018-09-13 14:51:54.653661',2),(17,'storage_match_up_media','{\"args\": [], \"kwargs\": {\"owner\": 2, \"collection_id\": 1, \"allow_multiple_use\": false, \"storage_id\": 1}}','2018-09-13 14:52:20.316514',2);
/*!40000 ALTER TABLE `workers_ownedtaskresult` ENABLE KEYS */;
UNLOCK TABLES;
/*!40103 SET TIME_ZONE=@OLD_TIME_ZONE */;

/*!40101 SET SQL_MODE=@OLD_SQL_MODE */;
/*!40014 SET FOREIGN_KEY_CHECKS=@OLD_FOREIGN_KEY_CHECKS */;
/*!40014 SET UNIQUE_CHECKS=@OLD_UNIQUE_CHECKS */;
/*!40101 SET CHARACTER_SET_CLIENT=@OLD_CHARACTER_SET_CLIENT */;
/*!40101 SET CHARACTER_SET_RESULTS=@OLD_CHARACTER_SET_RESULTS */;
/*!40101 SET COLLATION_CONNECTION=@OLD_COLLATION_CONNECTION */;
/*!40111 SET SQL_NOTES=@OLD_SQL_NOTES */;

-- Dump completed on 2018-09-14 14:26:15
